,Date,cleaned_tweets,sentiment
0,23/06/2020,MSCloud: Connect people systems and operations in new ways. Discover how #Microsoft can help any organization resâ€¦ https://t.co/nE7RjbNpZU,1
1,23/06/2020,MSCloud: Join us on June 30 at 11:30 AM PT for an interactive session that will focus on Microsoft #Azure Active Diâ€¦ https://t.co/yccYzzJTgP,1
2,23/06/2020,@danny_yu1 @shanthakottage @Roseandfalcon Have you actually done an indepth analysis of Uber accounts?In Europe Ubâ€¦ https://t.co/jX8YsS582b,1
3,23/06/2020,Really disappointing that between both @gsuite and @Microsoft365 there is no good solution for my family domain. Afâ€¦ https://t.co/35uT93TGTJ,-1
4,23/06/2020,@cinnamon_msft Slightly off topic: You know of any Terminal theme repositories?,-1
5,23/06/2020,Will $TWTR Do Something About Nikki Haley Threatening Fake Cowards With Bigger Army?$aapl $amzn $abbv $brk $baâ€¦ https://t.co/xoZNYz5x8B,-1
6,23/06/2020,@dltmurphy @richturn_ms Fantastic!,1
7,23/06/2020,got 3 contracts for $289 Sold first for $191 second for $141 to secure some profits and let the 3rd ride free onâ€¦ https://t.co/MvQCoWe8Yn,1
8,23/06/2020,@cinnamon_msft @richturn_ms I've just checked and I'm on the old terminal preview app. Just installed the new one aâ€¦ https://t.co/rBS23WytGv,-1
9,23/06/2020,@caseywreiniche Thanks for providing us those information. We see that you've tried the account recovery form. Haveâ€¦ https://t.co/fCwpulbm0W,1
10,23/06/2020,@dltmurphy @richturn_ms This update wonâ€™t go into the Windows Terminal build until July however itâ€™s currently avaâ€¦ https://t.co/ch8nmt4omI,-1
11,23/06/2020,@msft_fml Supper stoked for the new epppppp,1
12,23/06/2020,@richturn_ms To clarify 1.1 is only in the Preview build right now so youâ€™d need Windows Terminal Preview installed to get it ðŸ‘�,-1
13,23/06/2020,@msft_fml Agreeed lol,1
14,23/06/2020,Indian and Chinese military agree to disengage ... $AAPL $AMZN $BTC $ETH $FB $GOOG $MSFT $QQQ $SPY $TSLA #cnbcâ€¦ https://t.co/CxzGw7EA0i,1
15,23/06/2020,#TeamsTips101: Channels in #MicrosoftTeams provide a space where conversations can be seen and searched for by theâ€¦ https://t.co/NYHOoTBZb0,-1
16,23/06/2020,@AlessioUrban Yep because is way bigger. MSFT is 36x the side of Russell 2000 index.... and it trades at only 11.5xâ€¦ https://t.co/adXi09e50H,1
17,23/06/2020,@Shrek2At4K60FPS Hmm can you tell us which version of Edge you're currently running? https://t.co/jvC8tZRDGq,-1
18,23/06/2020,Microsoft Corp. (MSFT) surprised the market with Q2 result. Goldman Sachs changed the rating to Sell as Microsoftâ€¦ https://t.co/yiinePK96R,-1
19,23/06/2020,MSFT making excel even harder to replace. https://t.co/zC5bGZD74G,-1
20,23/06/2020,$NDX $QQQ $SOXX $AAPL $MSFT $NVDA $FB $AMZN $NFLX ...How Much Higher Could Nasdaq Rally?â€¦ https://t.co/WgO2aF9Pnc,1
21,23/06/2020,Here's your friendly #Azure tidbit for the day: Microsoft manages their regions in pairs. When building your multi-â€¦ https://t.co/CBMTWoxJvA,1
22,23/06/2020,$CBL OVERSOLD BOUNCING AFTERHOURS! ðŸ’¸ðŸ“ˆ $RDUS $UTHR $PTLA $ALDR $OPK $GLPG $ARWR $ONCS $MTEM $SGYP $NEPT $ASMB $JNJâ€¦ https://t.co/wimxvxUb8U,0
23,23/06/2020,@saxena_puru No worries. Not asking for a call. I know you are expressing your opinion. Just curious as to whetherâ€¦ https://t.co/DZdVtggMiK,1
24,23/06/2020,Shopping Centre accused killer Jayden Lowah ... $AAPL $AMZN $BTC $ETH $FB $GOOG $MSFT $QQQ $SPY $TSLA #cnbcâ€¦ https://t.co/h3OyT5PD1E,1
25,23/06/2020,@7Innovator Mine would be $MSFT,-1
26,23/06/2020,Bravo to all of today's speakers at #SMX Next! ðŸ‘� Tune in tomorrow at 12:55 PM PDT to watch our own Matthew Mackâ€¦ https://t.co/OnwZrcboHV,1
27,23/06/2020,@CPoweredLion Awesome!  For the record PS7 ARM32 is fully supported on Linux and Windows.  ARM64 on Linux is suppoâ€¦ https://t.co/luQbIh93F6,1
28,23/06/2020,@BLXCKAMIR Not sure... I guess I'll find out with my AAPL MSFT &amp; BA puts lol,-1
29,23/06/2020,@c_tolkien Hey Chad thanks for reaching out. Our team is currently reviewing a feature for setting default backgroâ€¦ https://t.co/73JdWvzyk7,1
30,23/06/2020,@d3dal3 Thanks for flagging this Vianney. Just to confirm is the error message similar to this one:â€¦ https://t.co/699sHLvkOl,1
31,23/06/2020,Automatically scan emails for contact details and update contacts in #MSDyn365 without manual data entry. Tryâ€¦ https://t.co/xwpEjWVxTO,-1
32,23/06/2020,Get what you need from your data and take action. Visualize share and collaborate faster than ever before with Miâ€¦ https://t.co/QgT5fO0bvi,1
33,23/06/2020,Discover the best formatting style for your #cpp projects with the new #Clang Format Editor from @ClangPowerTools:â€¦ https://t.co/e0qpQ4MTjn,1
34,23/06/2020,Extend bots built with Power Virtual Agents with Bot Framework Skills. Read the blog for more #MSBuild updates:â€¦ https://t.co/jQDiDpirbP,1
35,23/06/2020,Connect people systems and operations in new ways. Discover how #Microsoft can help any organization respond andâ€¦ https://t.co/kGyRCwRiuV,1
36,23/06/2020,Maximize value and performance when you move your #SQL Server workloads to #Azure Virtual Machines. Read the Packtâ€¦ https://t.co/cmiskUov3e,-1
37,23/06/2020,This month on â€œWhat's New with Microsoft 365â€� we cover the new support experience in the @MicrosoftTeams Admin andâ€¦ https://t.co/15aGBIHA0M,1
38,23/06/2020,@saxena_puru $MSFT $FB $AAPL $NVDA $SHOP $AMZN all at all time highs today. Wow!,0
39,23/06/2020,This red dev symbol appears on the @Skype toolbar icon associated w the MSFT store skype app. Is this a #dogfood veâ€¦ https://t.co/HOTceZpGlH,-1
40,23/06/2020,TInternet Association whose members include Amazon (AMZN) Google (GOOGL) Facebook (FB) Microsoft (MSFT) Twitteâ€¦ https://t.co/OVDYJBc90z,1
41,23/06/2020,Nikki Haley Was A #Boeing BOD Member But Certainly Not For Her Judgement &amp; Brains As Evidenced By This Tweet.â€¦ https://t.co/FCx1G3AOR0,1
42,23/06/2020,95% of Americans want to see the criminal ... $AAPL $AMZN $BTC $ETH $FB $GOOG $MSFT $QQQ $SPY $TSLA #cnbcâ€¦ https://t.co/ofMEQOux6H,1
43,23/06/2020,repost MSFTDynamics365Find out why 75% of business leaders believe #AI will revolutionize their companies in the neâ€¦ https://t.co/vpjb2YXyvN,1
44,23/06/2020,repost MSFTDynamics365Join gemmamilne for a look at how companies are adapting to a disrupted world and preparing fâ€¦ https://t.co/Yj6fdwfMaa,-1
45,23/06/2020,Microsoft VPs make the pitches... They Digitally Democratize the value message...A Microsoft executive asked meâ€¦ https://t.co/fWPMy3VmBL,-1
46,23/06/2020,@oddparadoxx Hey let's sort this out. Follow these steps to troubleshoot blue screen errors and let us know how itâ€¦ https://t.co/8Ib20KRvXn,-1
47,23/06/2020,@raghavpurohit87 We understand your frustration. Check out this thread to learn more about how to remove Edge andâ€¦ https://t.co/KypVPDlW5W,-1
48,23/06/2020,6/23/2020 Stock Indexes rose once again with Dow up 131 Points Nasdaq up 74 Points S&amp;P500 up 13 Points Vix downâ€¦ https://t.co/IzjauVdWgg,0
49,23/06/2020,@darktears Not at all Alexis! Each of our users is very important to us. Would you consider sharing your thoughtsâ€¦ https://t.co/Lwzu8PAF6x,1
50,23/06/2020,More gains for stocks as Nasdaq marches higher. - https://t.co/3dRxuHCYv4#Covid19 #Trump #WallStreet $DOW $DIAâ€¦ https://t.co/XblWm0rQyx,1
51,23/06/2020,An 8-year-old girl her mother and her ... $AAPL $AMZN $BTC $ETH $FB $GOOG $MSFT $QQQ $SPY $TSLA #cnbc #foxbusinessâ€¦ https://t.co/qaCSuV4qOp,1
52,23/06/2020,@SagarYogendra @MarieHyde @Dawnnewyorker Congressman Raja @CongressmanRaja is another Fortune 500 #H1B #S386â€¦ https://t.co/WHMD1WRmcM,1
53,23/06/2020,@Microsoft @Windows MSFT should also address homelessness and poverty,-1
54,23/06/2020,@MarkhamAllen We appreciate your honesty and feedback Allen. You can keep track of known issues and notificationsâ€¦ https://t.co/hq7nbRTKww,1
55,23/06/2020,@MikeySoltis MSFT not so much imo,-1
56,23/06/2020,@ItsHer_Nessa Thanks. Do you want to check out my cart? ðŸ˜©,1
57,23/06/2020,@saxena_puru Does this include $MSFT or is that more of a cloud play now? Thanks Puru,1
58,23/06/2020,@schaudenfraud I think it's useful to compare consumer staples to $MSFT generally though. $MSFT these days is a defâ€¦ https://t.co/v4HT4C27ru,-1
59,23/06/2020,@maddyleger1 Answered. Not it's your turn @maddyleger1 and @davidortinau ... Does MSFT have any published app of yoâ€¦ https://t.co/WwEaBUqFEG,-1
60,23/06/2020,$MSFT Microsoft Option Alert: Jul 2 $195 Calls Sweep (9) near the midpoint: 593 @ $9.401 vs 7396 OI; Earnings 7/16â€¦ https://t.co/dKQ8N6G2aB,1
61,23/06/2020,Mel Gibson accused of anti-Semitic oven dodger ... $AAPL $AMZN $BTC $ETH $FB $GOOG $MSFT $QQQ $SPY $TSLA #cnbcâ€¦ https://t.co/bo69m2zuMK,1
62,23/06/2020,@msft_fml Dayum!! That makes me no producer mine are probably sh*t f*ck and c**t even worse on a full moonâ€¦ https://t.co/KTYybk0Uez,-1
63,23/06/2020,@thallanor MSFT is too used to winning by default to be good at marketing. Like... the original name for OneDrivâ€¦ https://t.co/KiubcClDqQ,1
64,23/06/2020,@DarrenAlexand Hi Darren. Learn more about Surface power supplies and charging requirements here: https://t.co/7ZvxWtncQV,1
65,23/06/2020,Test your #AzureMigration readiness with the SMART tool so your team can go forward together with confidence. Startâ€¦ https://t.co/zI2veszyjp,1
66,23/06/2020,Did you miss the Microsoft Envision Forum for Financial Services series?Get the recap: https://t.co/k6EXINEnoA https://t.co/sU5XSb6Nvv,-1
67,23/06/2020,Find out why 75% of business leaders believe #AI will revolutionize their companies in the next three years. Learnâ€¦ https://t.co/IKITa3lFQS,1
68,23/06/2020,ðŸŒˆ Show your colors with the special theme inspired by the rainbow flag of the LGBTQI+ community. ðŸŒˆ Now availableâ€¦ https://t.co/fJV7HNWBu0,1
69,23/06/2020,Join us on June 30 at 11:30 AM PT for an interactive session that will focus on Microsoft #Azure Active Directory aâ€¦ https://t.co/ByitmTyo44,1
70,23/06/2020,Now in public preview #CloudScript using Azure Functions with more languages (like C#) and local debugging in Visuâ€¦ https://t.co/n00fsGthnH,1
71,23/06/2020,Trying to make your website's performance more consistent for farther away users but want to avoid putting an entiâ€¦ https://t.co/GqPYuTHtVt,-1
72,23/06/2020,Experience unmatched time to insight with #AzureSynapseAnalytics and discover how you can get:â–« Limitless scaleâ–«â€¦ https://t.co/SNm10CegYX,1
73,23/06/2020,Discover whatâ€™s new in #SQLServer 2019â€”unlock faster querying speeds take advantage of improved security featuresâ€¦ https://t.co/t3C0YowwXJ,1
74,23/06/2020,Find out how you can take advantage of offers and tools to maximize your efficiency. Here are five tips to help youâ€¦ https://t.co/7FxxdPDXaA,1
75,23/06/2020,Improving Productivity With #Devops And Microsoft #Teams https://t.co/Hpzne4VPGK #MSDevIRL #Azure #Developers,1
76,23/06/2020,Azure Security Center discovered a new campaign that targets Kubeflow a machine learning toolkit for #Kubernetes.â€¦ https://t.co/iC6JhLttmP,1
77,23/06/2020,S&amp;P500 +0.43%Russell2000 +0.41%SOX +0.22%DJT +1.32%HYG +0.14%STOXX600 +1.30%DAX +2.13%FTSE +1.21%FB +1.26%â€¦ https://t.co/TCKuZ7tX10,0
78,23/06/2020,MSCloud: Donâ€™t miss this fireside chat with Craft Worldwide for insight into the tools you can use to help your remâ€¦ https://t.co/xMuKM7D8i9,-1
79,23/06/2020,@cspkcats A higher configuration of Surface Pro 7 would be perfect for what you're looking for! It offers the powerâ€¦ https://t.co/aZkb0iouEw,1
80,23/06/2020,Former employees at #Microsoft's Mixer say the company failed to take action on #misconduct complaints about 'toxicâ€¦ https://t.co/AzAoVkvoS0,-1
81,23/06/2020,MSFT  BULLISH,0
82,23/06/2020,@TraderYet Options? $MSFT I sold too last week but bought back and kept selling higher few more times ðŸ˜‚,-1
83,23/06/2020,@optionsappetite I thought the same thing. How dare you $MSFT! Shame,-1
84,23/06/2020,$MSFT 200 call options. Sold! https://t.co/UumnK3I2Su,-1
85,23/06/2020,@PeterTrader99 Sold my MSFT last week and now I own none of these forkers.,-1
86,23/06/2020,$CBL traders jumping in FINALLY twitter search just got hot again the last 5 minutes. SHORT SQUEEZE!!!$CBL OVERSOLâ€¦ https://t.co/gUMWxbGBvo,1
87,23/06/2020,Itâ€™s time to #BreakUpBigTech #BreakUpBigData.You up @TheJusticeDept @JusticeATR @FTC @ewarren @senblumenthalâ€¦ https://t.co/w8vXoUIRAV,-1
88,23/06/2020,@ambatthew @DuckDuckGo it's been a big part of their marketing for the past couple of years and while it should ofâ€¦ https://t.co/SLSigUhK7S,1
89,23/06/2020,@cperruna Same. I won't be the least surprised if it keeps going for a bit more but the headwinds are growing now -â€¦ https://t.co/h5Yu5bkcvq,1
90,23/06/2020,Florida man spat on gay bartender's face after ... $AAPL $AMZN $BTC $ETH $FB $GOOG $MSFT $QQQ $SPY $TSLA #cnbcâ€¦ https://t.co/LRKzSJSfuu,1
91,23/06/2020,@mannys_msft Hey good to connect with you today #MSTeams,1
92,23/06/2020,@nzigel Whatâ€™s crazy is it was only like a year-ish ago that they MSFT and AAPL hit the 1T mark and theyâ€™ve grown ~50% since then,-1
93,23/06/2020,@Njabs_MSFT Zara for the babies,1
94,23/06/2020,@ysharad28 Hey there. We have tons of educational resources you might like check it out: https://t.co/xLEutmkmqR,1
95,23/06/2020,@rationalwalk I understand why people felt that way about Buffet... His purchase of IBM and refusal to buy MSFT eveâ€¦ https://t.co/eeCECr89fi,-1
96,23/06/2020,@clint_francis Yup! I donâ€™t really play enough for it to be a tough decision. Disappointing move outta MSFT.,-1
97,23/06/2020,Tuesday's Top Sell Flow in #NASDAQ animated. #NASDAQ100 $MSFT $NVDA $ADBE $ORCL $EBAY $BIIB $AMGN $DELL $INTU $VRTXâ€¦ https://t.co/dyqjtGTpk1,1
98,23/06/2020,@msft_businessCA You see when certain people couldn't get fired they wanted to fire you instead. #H,-1
99,23/06/2020,Former employees at Microsoft's Mixer say the company failed to take action on misconduct complaints about 'toxic wâ€¦ https://t.co/AjF54ZhjZ5,-1
100,23/06/2020,@sam_kriss Oh yeah I totally agree there. People already hitting out on him when he did nothing wrong,1
101,23/06/2020,Trumpsky:  Slow down the testing pleaseTrumpsky lapdogs: He's just kiddingTrumpsky: I don't kidTrumpsky lapdâ€¦ https://t.co/tjrpt6BsuT,-1
102,23/06/2020,Start using #Azure Synapse Analytics in just a few minutes and start gaining valuable insights faster. Get the toolâ€¦ https://t.co/41mlt06lrG,1
103,23/06/2020,@MSFT__Incel i liked the display personally but now he has a huge undeserved target on his back as a result of someone elses understanding,-1
104,23/06/2020,Straight from #MSBuild @ErikaSweet_ and @NickUhlenhuth are ready to give you a detailed look at developing softwarâ€¦ https://t.co/WU0VHxLsMo,1
105,23/06/2020,@adhall_msft Thanks I'll see what the lawyer says tomorrow when she's back in the office.,1
106,23/06/2020,@acczibit Yeah I wanna kms,-1
107,23/06/2020,@sam_kriss Is it? Idk no one is thrown under the bus. An innocuous symbol of unity doesnt hurt anyone,-1
108,23/06/2020,Get hands-on guidance for deploying and managing #Linux workloads on #Azure. Download the complimentary e-book:â€¦ https://t.co/XuaXTQr2V4,1
109,23/06/2020,The June 2020 release is full of updates and enhancements! Check out the full #PowerBI Desktop Update video to learâ€¦ https://t.co/fSUvF4Xzng,1
110,23/06/2020,You donâ€™t need to be a professional developerâ€”just follow these easy steps to start creating your own low-code app:â€¦ https://t.co/VTjmWFfDbO,-1
111,23/06/2020,Don't know where to start when it comes to compliance? Discover our 8 tips to focus your compliance strategy â€” to pâ€¦ https://t.co/gX5wDSHikh,1
112,23/06/2020,Join @gemmamilne for a look at how companies are adapting to a disrupted world and preparing for tomorrow. Listen tâ€¦ https://t.co/qWJDSeNXbj,-1
113,23/06/2020,Discover how enterprises are taking advantage of #Azure Maps capabilities to optimize business operations using locâ€¦ https://t.co/nTySL1N3Nm,-1
114,23/06/2020,Easily manage and share templates in Office 365 #MicrosoftTeams and more across your organization with theâ€¦ https://t.co/FUnUG9U9X1,1
115,23/06/2020,A journey to good mental health both for yourself and within your community is more than possibleâ€”it's a necessitâ€¦ https://t.co/BJVekQFesi,1
116,23/06/2020,Learn the basics of Mesh Shaders in #DirectX12: https://t.co/4fWcbj73OM,-1
117,23/06/2020,Yuri Diogenes joins @shanselman to reveal how #Azure Security Center helps you identify and implement security bestâ€¦ https://t.co/zHwDFXdgSu,1
118,23/06/2020,Discover how @OTILumionics can open its computational pipeline to run more accurate simulations at significantly hiâ€¦ https://t.co/zowZsAu3Xz,-1
119,23/06/2020,People want to make Bubba Wallace a Jussie Smollett so badly. Pretty sad you can't help but criticize a black guy fâ€¦ https://t.co/iLdxdBFLw2,-1
120,23/06/2020,@CalebJHull Why? He didnt use it to attack any fellow drivers or use it for any purpose other than racism is badâ€¦ https://t.co/vCcNfNDr2s,-1
121,23/06/2020,@PuneethHardekar 2/2 details about your main concern for us to check if we can provide you options In case you missâ€¦ https://t.co/xzWdWppmIU,1
122,23/06/2020,Anyone catch that insane $FSLY bull run? ðŸ˜±RC did in our FREE trading room! ðŸ’°Join today and start making money wâ€¦ https://t.co/XZeSzeJMLP,1
123,23/06/2020,Moose trapped in thick mud pulled to safety by ... $AAPL $AMZN $BTC $ETH $FB $GOOG $MSFT $QQQ $SPY $TSLA #cnbcâ€¦ https://t.co/6jQjmSD9td,-1
124,23/06/2020,@jkwphysics We understand your frustration. You can keep track of known issues and notifications here: https://t.co/EE2s20CHKw,-1
125,23/06/2020,Scalper caught both sides on $MSFT More details at https://t.co/u0M7Qrcf6m https://t.co/XamFeU4uhR,-1
126,23/06/2020,@ultimatejisoo Let's have you run through these troubleshooting steps and keep us updated with the results! https://t.co/qqyoHNgZSG,1
127,23/06/2020,Learn how @Kennametal is creating the factories of the future including the migration of SAP to #Azure:â€¦ https://t.co/2SdEkO67Ue,1
128,23/06/2020,@gavinbarron Sorry mate know a few people who are now wondering â€œso what happens nowâ€� ... so short sighted.,-1
129,23/06/2020,Digitize pen-and-paper tasks and automate complex processes. See how process automation lets you do more with less:â€¦ https://t.co/zDksswWflP,-1
130,23/06/2020,Donâ€™t miss this fireside chat with Craft Worldwide for insight into the tools you can use to help your remote teamsâ€¦ https://t.co/PKcEvTwteo,-1
131,23/06/2020,@janne_rantala @Taylorb_msft @windowsserver Absolutely! It may not be the coolest feature request in the backlog bâ€¦ https://t.co/uhwk66hPM0,-1
132,23/06/2020,Where can I find nice black formal pants?,-1
133,23/06/2020,@JerryCap Equal weighted portfolio of: $V $MCO $AMZN $AAPL $SHOP $ADBE $HD $TSLA $MSFT $VRSN $NOW $NKE $ECL $EQIXâ€¦ https://t.co/JEBjy76QFn,0
134,23/06/2020,Learn why The PUR Company chose Microsoft 365 to help it keep pace with its rapid growth and delectables-driven sucâ€¦ https://t.co/ySD8JcFSGX,1
135,23/06/2020,@sociallydista19 @cyb3rops I mean empire (just used as an example here) was introduced at a time when there was 0â€¦ https://t.co/lCGosMPMBJ,-1
136,23/06/2020,Miss. St. RB Kylin Hill vows not to play unless ... $AAPL $AMZN $BTC $ETH $FB $GOOG $MSFT $QQQ $SPY $TSLA #cnbcâ€¦ https://t.co/T66yOXdfFh,-1
137,23/06/2020,@Nkanyiso_ngqulu This is atrocious,-1
138,23/06/2020,@WaviiiKy Hi there. You can learn more about your language settings in Windows 10 here: https://t.co/KQOu7iX9dq,1
139,23/06/2020,I wanna be in a band so bad lmao,-1
140,23/06/2020,âš¡ How #Blockchain enables the divergence of free speech #1A including reinventing #SocialMedia. $FB $TWTR $MSFTâ€¦ https://t.co/vscJshIZSW,1
141,23/06/2020,@ryancrawcour Public preview today so would be a preflight for now.,1
142,23/06/2020,Abusers hate it when you have friends and family so they work hard to destroy that for you so they can start abusinâ€¦ https://t.co/X9Mw76QPVY,-1
143,23/06/2020,#Microsoft $MSFT Has An Excellent #Technical Analysis Score (TA Score). Breakdown Of 3 Categories: #candle score Exâ€¦ https://t.co/YhEXZd3v8B,1
144,23/06/2020,Address feedback from customers for the UX[NuGet\NuGetGallery #8070 t-mog-msft] https://t.co/9WSm0qlt1B,1
145,23/06/2020,@adhall_msft Can't find the app in the store. Is this enterprise distribution only?,-1
146,23/06/2020,Watch into earnings this coming week: $NKE $KBH $MLHRNext month long swing into March 2021: $NFLX $AMZN $AAPL $MSFT $NVDA $STMP $TEAM $SPLK,0
147,23/06/2020,#HappyTuesday Friends ... #Stocks RECORDS FOR #Nasdaq $AAPL $AMZN $FB $NFLX $MSFT $PYPL $PTON and more  Have a greaâ€¦ https://t.co/e5Js5wDxKs,0
148,23/06/2020,$TSLA $MSFT $GOOGL $AMD $AAPL $SHOP $FB CONGRATS TO OUR VIP MEMBER! ðŸ’°ðŸ’¸ #BTF #BullTradeFinder https://t.co/gVHezERwsD,1
149,23/06/2020,P/B among largest #stocks $SPX $SPY1. ðŸ‡ºðŸ‡¸ APPLE INC. $AAPL: 19.332. ðŸ‡ºðŸ‡¸ MICROSOFT CORPORATIO. $MSFT: 12.923. ðŸ‡ºðŸ‡¸ ALâ€¦ https://t.co/eZqUTtYMAk,0
150,23/06/2020,$MSFT - Microsoft Corporation$DDOG - Datadog Inc.$NVDA - NVIDIA Corporation$AMD - Advanced Micro Devices Inc. https://t.co/4qWBQ3rlNc,0
151,23/06/2020,Learn how @PwC took advantage of Cognitive Search to help financial institutions meet regulatory requirements fasteâ€¦ https://t.co/jYo2365jtp,1
152,23/06/2020,The 3 Components of Mental Strength https://t.co/1iR7fXKTY4 #MSFTAdvocate,1
153,23/06/2020,@lukepooped We see your point. In that case we've a dedicated team of experts that could provide insights for yourâ€¦ https://t.co/tYcmSPGGWp,1
154,23/06/2020,Gain more insight into your organizationâ€™s network and improve your security operations capabilities. Learn howâ€¦ https://t.co/HpGI5sqVNw,1
155,23/06/2020,Simplifying declarative deployments in Azure https://t.co/4dto3koe8N #MSDevIRL #Azure #Developers,1
156,23/06/2020,@DeepeshKrSingh Hi there thank you for that great suggestion. Can you post that idea at the following link? https://t.co/vDOsriQHYV,1
157,23/06/2020,@adhall_msft Yes. Still to bad to keep up with here and Sygic.,-1
158,23/06/2020,I used to be a die hard fan of MSFT product but God opened my eyes.Shitty apps. So much bugs.You would this worâ€¦ https://t.co/S8EPx3jUBv,-1
159,23/06/2020,@expta @RossSmithIV @gregtaylor_msft @mealiffe @FeverTreeMixers So a Suffering Bastard for a Suffering Bastard I get it @expta,-1
160,23/06/2020,$QQQ $AAPL $MSFT $FSLY $TWLO $SHOP and many others hit all time highs today. 19 of the last 22 trading sessions havâ€¦ https://t.co/BghmeOTjwc,1
161,23/06/2020,A #BuildChallenge brings out the creativity in students! See what learners around the world developed for May's Codâ€¦ https://t.co/S0RRhKS9Gk,1
162,23/06/2020,$CBL what did i tell u!!? .355 already getting chopped down!ðŸ’¸ $xrp $btc $spy $tsla $msft $goog $ba $fb $amd $vâ€¦ https://t.co/QGE0Tn9d8G,-1
163,23/06/2020,@GossiTheDog I love what MDATP is doing in that space but the rest of Msft needs to keep up. Especially when the Mâ€¦ https://t.co/9MlCsdpxdG,1
164,23/06/2020,ATH/52wk high today ðŸ‘�ðŸ‘�ðŸ‘�$AAPL $ADBE $AMZN$DOCU$ETSY$FB$MSFT$NFLX $NOW $NVDA$PYPL$QQQ$SHOP $SQ$TTD $TWLO,0
165,23/06/2020,Slightly ;) better docs for the #armttk than I'm able to do in markdown: https://t.co/0W8OPYOKPI,-1
166,23/06/2020,If I hated MSFT's guts &amp; wanted to bet on it failing &amp; it instead does well I only paid out $9.68 for a PUT optionâ€¦ https://t.co/1dL8iLu50u,-1
167,23/06/2020,If instead I had bought 100 shares of MSFT today and spent $20191 on 100 shares and it tanks to $50/share I've lost $15191.Similarly...,-1
168,23/06/2020,A natural question that may come up especially for the CALL option is why do this?It's all about minimizing râ€¦ https://t.co/P6PrAEFu7y,1
169,23/06/2020,$MSFT chart of the day our view June 19.  Was expecting further upside to take place before a larger pullback mayâ€¦ https://t.co/UWUm60Zs6z,1
170,23/06/2020,Anti-vaxxer tennis star Novak Djokovic tests ... $AAPL $AMZN $BTC $ETH $FB $GOOG $MSFT $QQQ $SPY $TSLA #cnbcâ€¦ https://t.co/8pBhbt2tpM,1
171,23/06/2020,@SamFeds Hi Sam thanks for reaching out. You can learn more about the data sources here: https://t.co/95C7pqHt1bâ€¦ https://t.co/qQ295YUd9N,1
172,23/06/2020,@nariusp Hi Narius our team is working on bringing this feature to Teams. You can stay up to date at the followingâ€¦ https://t.co/ezuLTd1MCs,1
173,23/06/2020,Niiice... Looks like #PowerShell works fine on the #AWS Graviton2 ARM based instance. (despite poweshell support foâ€¦ https://t.co/oJgJXlQ3jo,1
174,23/06/2020,Then you can sell those 100 shares at $201.91 / share. Let's say that again with the totals.If MSFT's value tankâ€¦ https://t.co/4TO1DKHAQY,1
175,23/06/2020,So what does this mean? Here's one thing it can mean. If in 6 months Satya Nadella is replaced by someone whose onlâ€¦ https://t.co/7eFvAnPktH,-1
176,23/06/2020,You DO NOT have to ownDO NOTYou DO NOT have to own 100 shares of MSFT when you buy the PUT option. Because whatâ€¦ https://t.co/rsrJz6V1X0,1
177,23/06/2020,Here's the tricky shit that blew my mind and had me like THIS IS A GRIFT!Are you ready?You do not have to ownâ€¦ https://t.co/g0z1FkKm39,-1
178,23/06/2020,Let's talk about the second option the PUT option. A PUT option gives me the right to *sell* 100 shares of a stockâ€¦ https://t.co/407TN9rqeF,1
179,23/06/2020,Every end of the month i hear a similar story. Some big volume on options expiration some big portfolio rebalanceâ€¦ https://t.co/vRxGRdEkRV,1
180,23/06/2020,@Imaz728 @Wesley_Wenhold @sayem_msft @androidcentral IPhone 6 has been selling all the way up iPhone 8. 4 years worth of recycling,-1
181,23/06/2020,@DavidTaggart Let me guess. It will be 10X easier to pull in MSFT than other stocks....,1
182,23/06/2020,@zergione @Wesley_Wenhold @sayem_msft @androidcentral I have the 3 5 and 6. The 5 feels find to me. ðŸ¤·ðŸ�»â€�â™‚ï¸�,-1
183,23/06/2020,GitHub Actions makes it easy to build test and deploy your application right from #GitHub.In this episode ofâ€¦ https://t.co/RY9hho5BxF,1
184,23/06/2020,@PavanGayakwad We appreciate the feedback! Have you dropped this in our Feedback Hub? We're always looking for waysâ€¦ https://t.co/2SXbUEhBUH,1
185,23/06/2020,@caitlin_turley Hi Caitlin thanks for reaching out. We have some troubleshooting information that may help you logâ€¦ https://t.co/cgGOejMaFN,1
186,23/06/2020,If MSFT goes up to $300/share I can say oh yes gimme and buy it for $201.91/share. At that point I have to have tâ€¦ https://t.co/uPHc4ZFDme,1
187,23/06/2020,I don't have to exercise that right. If MSFT goes down to $100/share I can say nah I'm good &amp; let my CALL optionâ€¦ https://t.co/3xPlZS3rgl,1
188,23/06/2020,@msft_fml Attacked,-1
189,23/06/2020,On Robinhood the price of a CALL option on MSFT to be exercised in 6 months (12/18) is $9.68. So for $9.68 cents Iâ€¦ https://t.co/cbVeqGKvcD,0
190,23/06/2020,When I buy a CALL option on MSFT I'm buying a contract giving me the right to buy 100 shares of MSFT at some futurâ€¦ https://t.co/3akLkir9ky,1
191,23/06/2020,There's two kinds of agreements you can buy: a CALL option or a PUT option. I could start with definitions &amp; whatnoâ€¦ https://t.co/NhPi2QMX4t,1
192,23/06/2020,Microsoft Corp (MSFT) price at close 2020-06-23 is 201.91.,0
193,23/06/2020,$CBL BOTTOM getting loaded  AFTERHOURS! BOUNCING! .65 break? $xrp $btc $spy $tsla $msft $goog $ba $fb $amd $v $qcomâ€¦ https://t.co/LOVRMkgwgM,1
194,23/06/2020,@UFDisciple I had the same issue with MSFT saying I violated ToS of Live account losing all my digital games videoâ€¦ https://t.co/PqnlyoS721,-1
195,23/06/2020,$MSFT climbed for the 15th day of 20 breaking a new historic high of $203.95 settling +0.7% to $201.91.â€¦ https://t.co/WBCU82SpRZ,1
196,23/06/2020,Bob Kroll: Floyd video did 'look and sound ... $AAPL $AMZN $BTC $ETH $FB $GOOG $MSFT $QQQ $SPY $TSLA #cnbcâ€¦ https://t.co/5QiiJSXGwt,1
197,23/06/2020,@adhall_msft You donâ€™t know what warm is. My pool hit 37c today,-1
198,23/06/2020,@iuliangulea Thank you for clarifying. You can learn how to update your Outlook here: https://t.co/kRXJAdw6qD,1
199,23/06/2020,@steskalj Hi there John! There's an idea to have this available in the future that we'd like you to upvote and comâ€¦ https://t.co/I5xNgvGdRJ,1
200,23/06/2020,@sjvn @ZDNet @Microsoft @Apple I feel desperately sad for the billions of poor naÃ¯ve people whose digital existencâ€¦ https://t.co/YEnNulpn7Q,-1
201,23/06/2020,Whatâ€™s your current favorite sector?$INSG $DLOC $FIVG $ROKU $SHOP $ZM $AAPL $MSFT $MARK $GNUS $NKLA $TSLA $ADOM $SHLL $KTOV $BIOC $VBIV,1
202,23/06/2020,@Sturgeons_Law @MSFT__Incel Man that's kind of grim,-1
203,23/06/2020,Helen Behm HR Manager of Spinnaker Software writes about working with Microsoft MVP @tracyvds to lead a digital lâ€¦ https://t.co/f60csVGc8z,1
204,23/06/2020,Tuesday's Top Flow in #technology sector Buy Flow &amp; Sell Flow $AAPL $FB $CSCO $INTC $GOOG $AMAT $QCOM $CRM $TXNâ€¦ https://t.co/CIM5YaIbML,1
205,23/06/2020,@MSFT__Incel Some polling I've seen suggests most people know Biden is in cognitive decline and most of the non-Repâ€¦ https://t.co/mQ0STLciTK,1
206,23/06/2020,Does anyone think that the FAANG stocks are eerily similar to the 2000 Fantastic Four? EMCCSCOMSFT and DELL.â€¦ https://t.co/QcJyOxBB6h,1
207,23/06/2020,Are you a workplace diversity champion? @2point19â€™s Champion Award nominations are open. Thousands of female profesâ€¦ https://t.co/UmknS17Dqg,1
208,23/06/2020,Join us for #MSInspire a global digital event of learning and networking with your #MSPartner community.Registerâ€¦ https://t.co/8KJ2EPwTmQ,1
209,23/06/2020,$AAPL Everybody prefer Apple over $MSFT these days. And that Reptilian who wants to charge for Fake Vaccine Prison 2020 ðŸ¤«ðŸ’¹ðŸ’µ,-1
210,23/06/2020,Protesters fail to bring down Andrew Jackson ... $AAPL $AMZN $BTC $ETH $FB $GOOG $MSFT $QQQ $SPY $TSLA #cnbcâ€¦ https://t.co/dshFgbv7k3,-1
211,23/06/2020,Tuesday's Top Flow in S&amp;P 500 #SP500 Buy Flow and Sell Flow $AMZN $AAPL $NFLX $NEM $CSCO $INTC $GOOG $CMCSA $HDâ€¦ https://t.co/zC5rgkLCPy,1
212,23/06/2020,@waltshaub @compuguy Well where else do you think he can do it?  He keeps losing his properties to foreclosures.,-1
213,23/06/2020,$MSFT climbs to highest close  ever: https://t.co/CkU6KH9cOsSentiment: Neutral #MSFT #Microsoft,1
214,23/06/2020,@BronStunna @Sturgeons_Law Biden has been very smart to essentially not campaign and let Trump drum up lib turnoutâ€¦ https://t.co/zlSd5bNn7a,1
215,23/06/2020,@DeItaOne Bullard needs more Bumbaclaatâ€™s to sell his bubble baskets too $twlo $shop $coup $aapl $amzn $nflx $fbâ€¦ https://t.co/iy3J4wnjVa,0
216,23/06/2020,@iamsid100 @vivekagnihotri None of them are original. They are copies of existing models. I don't see anything rivaâ€¦ https://t.co/o6gYsMobqB,-1
217,23/06/2020,Tuesday's Top Flow in #NASDAQ #NASDAQ100 Buy Flow and Sell Flow $AMZN $AAPL $NFLX $CSCO $INTC $GOOG $CMCSA $AMATâ€¦ https://t.co/ELxW13GuTh,1
218,23/06/2020,@RadixMalorumEstCupiditas making 300% on a fatty FSLY slug and riding behemoth PYPL MSFT positions ðŸ˜…,1
219,23/06/2020,@MSFT__Incel @Sturgeons_Law I was expecting slam dunk bullet points but they're so mild lol,1
220,23/06/2020,ðŸ˜Ž Most Popular Stocks ðŸ˜ŽðŸ¥‡https://t.co/YJ0zftNqcc Inc.$AMZN Â» 2764.41 ðŸ”¼50.59â–ªï¸�ï¸�1.86%ðŸ¥ˆApple Inc.$AAPL Â» 366.53 ðŸ”¼7.â€¦ https://t.co/mKf5nWr0pI,1
221,23/06/2020,@helgztech Hi Helen we appreciate your question! To scan through your Inbox more quickly you may want to enlargeâ€¦ https://t.co/LEm0Ojd4xj,1
222,23/06/2020,@joshuatan87 Hi there. You can learn more about connecting your Surface to a monitor here: https://t.co/77G8Kr4Xgp,1
223,23/06/2020,@iBluestone @MSFSofficial Lemme know if you want that discount on Flight Sim. Ill add you to my friends / fam list at MSFT,-1
224,23/06/2020,@cityafreaks @Sturgeons_Law if biden wins it's going to be almost solely because he isn't anywhere near as hated as hillary clinton,-1
225,23/06/2020,@Sturgeons_Law this is really all they got,1
226,23/06/2020,$MSFT is the most obvious cloud player for $VMW with their cash and enterprise biz.but i am just not sure they neâ€¦ https://t.co/nR5V9tbRUm,-1
227,23/06/2020,Tuesday's Top Flow in #StockMarket Buy Flow and Sell Flow $AMZN $VCIT $AAPL $FB $QQQ $NFLX $NEM $SCHP $CSCO $INTCâ€¦ https://t.co/iGNVM3IC4f,1
228,23/06/2020,@GuestJaen @windowscentral I love windows 10 so muchðŸ™„...why should i move to mac?I want windows 10 design consistâ€¦ https://t.co/7djUEtrATh,1
229,23/06/2020,@cjrmurphy1 @thehill And EU doesn't want Americans coming over right now.  It's a sad time right now here in USA.#TrumpIsALaughingStock,-1
230,23/06/2020,During trading Tuesday 104 stocks traded to a 52-week high while 3 stocks bottomed out at new 52-week lows.â€¦ https://t.co/uihlah22BK,0
231,23/06/2020,Ex-CEO of Wirecard arrested in case over missing ... $AAPL $AMZN $BTC $ETH $FB $GOOG $MSFT $QQQ $SPY $TSLA #cnbcâ€¦ https://t.co/DvP9uHcYPD,-1
232,23/06/2020,PowerPoint 2016 and 2019 cheat sheet https://t.co/Vg3YqmBvgZ via @computerworld #msft,-1
233,23/06/2020,Case study: $MSFT $AMZN https://t.co/DqJrYzWxJi via @Verge,-1
234,23/06/2020,Join our Cloud Native Community!  Now live. https://t.co/mKjHDkgyQB. #MSPartner https://t.co/eww5wTTwOn,1
235,23/06/2020,ðŸ“£ Educators across the country have had to quickly pivot to a new remote classroom reality. Join us for this seriesâ€¦ https://t.co/1ZqAuBMqhg,1
236,23/06/2020,Learn how to create a sustainable security program. One #CISO shares his thoughts: https://t.co/IWr1PZ7Njx,1
237,23/06/2020,Use live captions in your @MicrosoftTeams meetings to capture whatâ€™s said in real-time. Learn more: https://t.co/x0LExtHSC5,1
238,23/06/2020,#DotNET with Scott Hunter Part 2 https://t.co/ZTgBaAAn3e via @ch9 #MSDevIRL #Azure #Developers,1
239,23/06/2020,We asked our GLEAM SE team what Inclusive Pride means to them. Here's what Justin Jackson Community Developmentâ€¦ https://t.co/iemhUuFSbz,1
240,23/06/2020,@thebrandindex HOW DARE YOU SIR. MSFT does not belong on that list IMO.,-1
241,23/06/2020,$WORK looking like it wants to test ATH what are your thoughts?$ES $SPX $AAPL $AMZN $BA $FB $GOOGL $NFLX $NVDAâ€¦ https://t.co/DBM3dmCwOq,-1
242,23/06/2020,Did you know that Windows Terminal now has a color picker for tabs *and* you can customize tab titles? Crazy cool.â€¦ https://t.co/Yd9Xza8Z9a,1
243,23/06/2020,Are you making money #trading options?ðŸ‘‰https://t.co/ysXQzdPpw0ðŸ‘ˆ#stockOptions #stockOption #callOptionâ€¦ https://t.co/amH2kjEJW9,1
244,23/06/2020,ðŸ”” NEXT: #MarketOvertime with @NPetallidesðŸ”¸ @ShawnCruz_TDA: New all-time highs for $NDX $AAPL $AMZN $FB $NFLXâ€¦ https://t.co/pA6uzRsDEo,0
245,23/06/2020,wow $AMZN multibagger 2k profits on each call$NFLX $BA $ES_F $SPY $SPX $NQ $INO $AAPL $HD $MSFT $LLY $ROKU $AMZNâ€¦ https://t.co/kuzk3CyYQp,1
246,23/06/2020,$3 billion into sustainability across AMZN + MSFT ðŸ˜€https://t.co/lmQOPJck01,0
247,23/06/2020,@jimkingnz FB market cap 690 billion. MSFT AAPL 1.5 trillion.Internal target is to cross. trillion. So enjoy be in it.,1
248,23/06/2020,@LSpeenhoff Thank you for reaching out Laurens. You can learn more about how to get a personalized email address hâ€¦ https://t.co/DeMiJ96tO8,1
249,23/06/2020,wow $AMZN multibagger $AAPL went from 4 to $9.7wowwwwwwww Boooooom nice call room is on fire$NFLX $BA $ES_Fâ€¦ https://t.co/YeWGoklncf,1
250,23/06/2020,@adhall_msft 26c in Berkshire UK today just down the road from Microsoft UK HQ. ðŸ˜Ž,1
251,23/06/2020,Day In Review - 6/23Just one week left to get 25% off your 1st month don't miss out! https://t.co/6ApU6Begviâ€¦ https://t.co/3Q7h9Ct3y0,-1
252,23/06/2020,ðŸ—“ $DJIA $SPY $NFLX $AMZN $MSFT Here's what happened to the stock market on Tuesday https://t.co/d3N4Tw5rcH https://t.co/rvRWZqH8ig,0
253,23/06/2020,I remember seeing people there with Revenge of the Jedi T-shirts that were put out before they changed the name.  Bâ€¦ https://t.co/TvA2vuMhbI,-1
254,23/06/2020,âœ… Create and publish a simple .NET Core appâœ… Create and configure a Dockerfile for .NET Coreâœ… Build a Docker imagâ€¦ https://t.co/VZP1hlhsLj,1
255,23/06/2020,$MSFT - Microsoft: These 4 Key Financial Metrics Suggest A Strong Buy. https://t.co/hrhldEARwB,1
256,23/06/2020,I hope it doesnâ€™t effect the #JEDI contract. $MSFT $AMZN ðŸ‡ºðŸ‡¸ https://t.co/0LqsaeKDO7,-1
257,23/06/2020,Warm out today ðŸŒž https://t.co/fquhiXD5xJ,1
258,23/06/2020,@weswilson As an Ex MSFT employee I know this pain all too well. When I was recruited I was told I was going to beâ€¦ https://t.co/nYnzVJS3sN,-1
259,23/06/2020,Microsoft president Brad Smith slams Trump's order suspending work visas: 'Now is not the time to cut our nation ofâ€¦ https://t.co/xUhUIc7jIB,-1
260,23/06/2020,Weâ€™ve added a new playlist to our YouTube channel. If you missed our Fitness Focus At Home event today youâ€™ll findâ€¦ https://t.co/dlZCDKfN74,-1
261,23/06/2020,Levered #HedgeFunds gorging on $SHOP not fond of this call? $AAPL $MSFT $LRCX $ADBE neither? https://t.co/TP9jBVSP0v,-1
262,23/06/2020,@CheddarFlow $AAPL and $MSFT been on here like 2 weeks straight,1
263,23/06/2020,I just had a look at a $MSFT chart... https://t.co/Z8pk1f74ws,0
264,23/06/2020,@Steve_MSFT @AzureFunctions Woah woah woah the awesomeness of #PS7Now aside... I could have sworn it wasn't possâ€¦ https://t.co/7kunWBsa0V,1
265,23/06/2020,@realNumberjack I missed that msft move this week...,-1
266,23/06/2020,$MSFT Shooting star https://t.co/HsygDJSqRv,1
267,23/06/2020,@film_girl @ibogost i love how honest @film_girl is. It's completely refreshing from a Msft employee. ðŸ˜€,1
268,23/06/2020,Top Sell Flow Money - 06.23.2020 - $MSFT $FNDX $DOCU $SCHR via Super Stocks App https://t.co/svdSYA5jJq,1
269,23/06/2020,@cinnamon_msft Purrrttyyyy. I like the wallpapers. And everything else also! ðŸ˜…,1
270,23/06/2020,Short Interest in Microsoft Co. $MSFT Drops By 7.7% https://t.co/uOod7GjUCK,1
271,23/06/2020,@LimitlessT1 I made 2.8 at 242 break they only maxed at like 3.4 over 245. MSFT 200C way better yesterday .80 â€”&gt; 4.80 today!!,1
272,23/06/2020,Some top bullish flow we caught today$AAPL $NKLA $FB $MSFT $INO #stocks #options #optionsflow https://t.co/ON5IuOmXaG,1
273,23/06/2020,US nurses at for-profit hospital chain to strike ... $AAPL $AMZN $BTC $ETH $FB $GOOG $MSFT $QQQ $SPY $TSLA #cnbcâ€¦ https://t.co/eC3v6b7eoA,1
274,23/06/2020,@abjcsu Thank you for your feedback Abby. You can learn more and adjust your junk filter here: https://t.co/mn8Y0EDeAa,1
275,23/06/2020,$ES_F rejecting the resistance zone but still above 10D. #chopfest still on but $QQQ 250 done so that may give a clâ€¦ https://t.co/QNXrqS5TwO,-1
276,23/06/2020,@BullishBearz You could have bought one more share of $MSFT     which would have been a much better investment.   Imo,1
277,23/06/2020,@stevesi That is backward compatibility support!  I think MacOS X removed USB floppy support a few releases ago. Amâ€¦ https://t.co/xab8DBqKhv,-1
278,23/06/2020,Solid day! Love the range and volt to the upside and down intraday. Glad to see members take advantage and switch wâ€¦ https://t.co/H23Xv1V7OB,1
279,23/06/2020,6 Years Left $MSFT at $200 Today. https://t.co/XGzgsTVoM6,-1
280,23/06/2020,@manumagalhaes Weâ€™d love to hear from you! Please share your experience with the Social Media Team by clicking theâ€¦ https://t.co/sAAw3MZKgQ,1
281,23/06/2020,$BIDU $SAVE $WORK $T $AAPL $C $MSFT $XLF $SPY $FB $CHWY $PTON $DIS $F $ADBE $CSCO $JPM $CCL $MGM $IWM $HD $V $TWTRâ€¦ https://t.co/PR0eMmV4ow,1
282,23/06/2020,@ARealSamurai @chriscwoodward On C# 9... I just like the features :) Actually the language itself and the directionâ€¦ https://t.co/9by0yGO7GG,1
283,23/06/2020,@HontisMusic @msft_fml i like to use beyond stoked,-1
284,23/06/2020,@louisviuttondon Hi there great question. You can learn how to like an email here: https://t.co/SBrFxtjvJ0,1
285,23/06/2020,Stocks have run too far too fast and need to consolidate. Negative US Covid news means thereâ€™s little upside leftâ€¦ https://t.co/kSaowS9QEi,-1
286,23/06/2020,@cinnamon_msft B E A U T I F U L ðŸŒˆ,1
287,23/06/2020,$SSFT This is one of the best stocks to own for the future https://t.co/iuHnlYCz04 Sonasoft has partnerships with Gâ€¦ https://t.co/EtW4ZSuVeM,1
288,23/06/2020,as leadership breadth dwindles looks like markets r about ready to take a breather. divergent overbought channel oâ€¦ https://t.co/Ai2Qep67Oo,1
289,23/06/2020,@BLACKMESSlAH MSFT__incel is #RidinWithBiden,-1
290,23/06/2020,@GrowthInvestor1 @TSOH_Investing it compares downloads vs dau (msft) vs consecutive users (slack)...not useful.,-1
291,23/06/2020,@msft_fml I'm very guilty of using beyond excited,-1
292,23/06/2020,@MSFT__Incel Itâ€™s especially galling they took down the live show because that bit is explicitly saying â€œthis is hoâ€¦ https://t.co/ETfqLHEGd2,-1
293,23/06/2020,$DELL VMware has a strong position in the market for hybrid cloud where large companies mix public cloud serviceâ€¦ https://t.co/96qQ6PL2vD,1
294,23/06/2020,Long-term #options I like for my #AIM investing method  - $T $MSFT $KMI $IBM $KMI $JD $FB $AMZN $BABA $MUâ€¦ https://t.co/aWpEskvGdk,1
295,23/06/2020,@MrsCL4 Hi Beth thank you for your question. Are you looking to change the background of an email or your Outlookâ€¦ https://t.co/V29QI8aOu4,1
296,23/06/2020,Who is ready for end of Q2 rebalance?Wells Fargo estimates the rebalance into bonds could be the largest in 6 yeâ€¦ https://t.co/mom7as2MhO,-1
297,23/06/2020,@PekJorkins it is the peak of the live eps. also no one can explain the difference in good/bad taste between RDJ inâ€¦ https://t.co/low3dXYFZN,-1
298,23/06/2020,Green day locking profits on $GOOGL $MSFT $PYPL $JPMGave back some new positions on $xxxx $yyyy $zzzz but still gâ€¦ https://t.co/9AQc5XwjQb,1
299,23/06/2020,#Microsoft starting to incorporate #Bloomberg like functions into #excel. Announcing STOCKHISTORY - #Microsoft365â€¦ https://t.co/c9pjOM120O,1
300,23/06/2020,Azure Synapse provides a breathtaking view of your data across data warehouses and big data analytics systems. Briâ€¦ https://t.co/qQMfnoj2Cw,1
301,23/06/2020,@MSFT__Incel The Jon Hamm â€œBANJOâ€� line is one of the funniest moments in the history of entertainment,1
302,23/06/2020,â€œU gonna take this chip and U gonna like it too!â€� - Billy Gates $msft #ath ðŸ‘€ https://t.co/3BqlpW79wh https://t.co/DNjEeNz8vs,1
303,23/06/2020,Itâ€™s never been more important to recognize and support the needs of a diverse set of learners. Check out these resâ€¦ https://t.co/mfV1cEScAb,1
304,23/06/2020,@caity_acnh Hi there. Have you checked out Autodesk SketchBook? https://t.co/5kUkTyOVVN,1
305,23/06/2020,imagine getting offended by any of this. sickening country. tina fey why have you done this. https://t.co/wcQi3ID1oH,-1
306,23/06/2020,The University of Cincinnati will remove Marge ... $AAPL $AMZN $BTC $ETH $FB $GOOG $MSFT $QQQ $SPY $TSLA #cnbcâ€¦ https://t.co/EEX8yYc92x,1
307,23/06/2020,@ratneshpandit1 Hi there Ratnesh.You're welcome to download the newest one right here: https://t.co/nN3h5W4Y4k.â€¦ https://t.co/WolRx4p2X4,1
308,23/06/2020,@klillington I still find windows to be a bit unstable and clunky but MSFT are innovating and taking risks. Apple hâ€¦ https://t.co/XGgO6J7caG,-1
309,23/06/2020,$MSFT Major BreakoutDaily appearances since 2010: 66Close 5 days later Â±:Avg: 0.64SD: 2.42Worst: -4.80Best: 1â€¦ https://t.co/cnp5RdwPJd,-1
310,23/06/2020,$MSFT Minor BreakoutDaily appearances since 2010: 90Close 5 days later Â±:Avg: 0.34SD: 2.36Worst: -5.62Best: 1â€¦ https://t.co/P5nFnPTxpx,-1
311,23/06/2020,@MoneyJrod @awesomepersona2 While I agree in concept most car companies are offering 0% APR financing these days.â€¦ https://t.co/tYtnLplskN,1
312,23/06/2020,Create events within #Outlook in a few clicks. Add a @MicrosoftTeams meeting send invites and more all from one aâ€¦ https://t.co/XQxZPtET9j,1
313,23/06/2020,Learn how to maximize your savings and reduce your cloud spend with Azure Hybrid Benefits and Azure Reserved Instanâ€¦ https://t.co/j8g7yDzrXN,1
314,23/06/2020,$AAPL &amp; $INO$CLDR $NOK $ABEV $ZNGA $SAVE $MGM $C $ET $PBR $SNAP $XOM $LUV $MSFT $ITUB $BBD $HAL $INTC $SIRI $KEYâ€¦ https://t.co/TuuilRnn6F,0
315,23/06/2020,Facebook Apple Amazon Microsoft Google Netflix insiders are without any doubt the smartest in town.Theyâ€™ve beâ€¦ https://t.co/1Yn0VcMzw3,-1
316,23/06/2020,Great trading day today. Hereâ€™s our trades. Todayâ€™s Gains: ðŸ¤‘$INO +264% in 0.70 out 2.55 (it ran to 7.00+ ðŸ˜°)â€¦ https://t.co/gaBlYmFQE1,1
317,23/06/2020,@b_pratip Our apologies for the inconvenience Pratip. Are you currently working on the latest VS version:â€¦ https://t.co/BgTb8f7fGD,-1
318,23/06/2020,@msft_fml Lmaooo wtf I thought its just me ...smh and I be tweaking over it ðŸ˜‚,-1
319,23/06/2020,Most active Tuesday - $AAL $INO $GNUS $IDEX $F $NIO $PLUG $GE $UAL $NCLH $AAPL $BA $AMD $LK $BAC $WFC $FSLY $FFHLâ€¦ https://t.co/UhK4KsQfmc,0
320,23/06/2020,Look at the big green boxes !Another strong day for #FAAMG stocks $FB $AAPL $AMZN $MSFT $GOOGL Mostly green dayâ€¦ https://t.co/Z9u5padRg3,1
321,23/06/2020,@JasonMA_MSFT What a thoughtful gift. Very cool. RotJ is the first movie I recall seeing in the theater.,1
322,23/06/2020,$HTZ $MSFT $SQ $DAL $BAC $NOK $AAPL $GME $BA $AMD $INTC $JNJ $MGM $SBUX $SPY $NFLX $FB $COST $MIST $AMZN $INUV $GPSâ€¦ https://t.co/QUeLLE0qjR,0
323,23/06/2020,@unseen1_unseen Careful NASDAQ being led by the anti-Trump FANG stocks plus MSFT. This could be a mixed message taking place.,1
324,23/06/2020,How did you do today? $SPY $MSFT $GOOG $AAPL $AMD $JETS,1
325,23/06/2020,@bclund yes rest is needed for many of the QQQ big boys..msft nflx sq pypl aapl fb amzn splk crm ttd shop nvda,1
326,23/06/2020,Is The Stock Market Overvalued?$JNJ $PG $DIS $T $BAC $XOM $AAPL $GOOG $NVDA $AMD $FB $AMZN $NFLX $MSFThttps://t.co/p3J5j13c9B,0
327,23/06/2020,Big Cap Tech new all time highs multiple run rates update $aapl  372.38   4 qtr earnings   12.76    29 multipleâ€¦ https://t.co/jmmJNGtkH4,0
328,23/06/2020,Day 2 ðŸ“ˆAAPL +$700MSFT +$520FB +$200SHIP +$200= +$1620/dayTough challenge ðŸ˜… Still holding more strong positions,1
329,23/06/2020,Apple Microsoft Amazon Facebook and Netflix all-time intra-day highs. #AAPL $MSFT $AMZN $FB $NFLX,1
330,23/06/2020,@GHotshot1995 @JenMsft Where to download?,1
331,23/06/2020,MSFT nieuws | Microsoft updates its Skype clients for Windows 10 https://t.co/ZF2VhGl7VT,-1
332,23/06/2020,Florida Man spits on face of Gay Bartender after ... $AAPL $AMZN $BTC $ETH $FB $GOOG $MSFT $QQQ $SPY $TSLA #cnbcâ€¦ https://t.co/rycQxkUVgW,1
333,23/06/2020,Stocks sold off late in the session but major indexes held onto modest gains.Dow ends +131 +0.5% to 26156. S&amp;Pâ€¦ https://t.co/k3oboixayC,-1
334,23/06/2020,@tombuildsstuff @jen20 @jchannon one would expect any apps apple has running from MSFT are also available on windows !?,-1
335,23/06/2020,I was 10 years-old beyond excited to see #ReturnOfTheJedi on opening night.  Imagine my surprise when my daughterâ€¦ https://t.co/nQi4htKW2z,1
336,23/06/2020,Topping tails in tech. Feeling really good about my $NFLX puts for tomorrow. $AAPL $MSFT https://t.co/E6AR7Pc4wh,1
337,23/06/2020,@lukepooped Thanks for reaching out Luke! Are you perhaps referring to a request similar to this one:â€¦ https://t.co/9pSwoM9JNV,1
338,23/06/2020,$HTZ $MSFT $SQ $DAL $BAC $NOK $AAPL $GME $BA $AMD $INTC $JNJ $MGM $SBUX $SPY $NFLX $FB $COST $MIST $AMZN $INUV $GPSâ€¦ https://t.co/J7eTvWZUfI,0
339,23/06/2020,New 52-week highs in the S&amp;P 1500:43$AAPL$ADBE$ADSK$ALRM$AMZN$ATVI$CDNS$CLGX$CORT$EA$ETSY$FB$HOLXâ€¦ https://t.co/7PE7H6k313,0
340,23/06/2020,@hatsager Hi there. Maybe we can help! You can learn more about OneNote templates here at the following links!â€¦ https://t.co/fFHr5qOUB1,1
341,23/06/2020,Around two dozen $SPX #stocks put in new 52 week highs Tuesday. Largest by marketcap include $AAPL $MSFT $AMZN $FBâ€¦ https://t.co/NUEhMqEAoy,1
342,23/06/2020,$CBL OVERSOLD BOUNCING AFTERHOURS! ðŸ’¸ðŸ“ˆ $AAPL $AMD $AMRN $AAL $BAC $AMZN $MSFT $BA $ABT $TSLA $X $NVDA $GE $DIS $CCLâ€¦ https://t.co/jkPtdvATuF,0
343,23/06/2020,My $MSFT puts finally gained some ground. Really would like $185-$195 pullback. $197.50 more likely if we have a reâ€¦ https://t.co/5sSRADm8g2,1
344,23/06/2020,Much better today from both realized and unrealized p/l. Up 36% on my $FB $TRIP $NKLA and $APT calls. Took profiâ€¦ https://t.co/wO2oCuxjbI,1
345,23/06/2020,What a CRAZY day. #HIGHLIGHTS $AMZN 6.25 âž¡ï¸� 12.90 (swing)$SPOT 1.75 âž¡ï¸� 4.05 $CGC .17 âž¡ï¸� .62 $TLRY .26 âž¡ï¸� .38â€¦ https://t.co/gU66MOU6B6,1
346,23/06/2020,$CBL OVERSOLD BOUNCING AFTERHOURS! ðŸ’¸ðŸ“ˆ $RDUS $UTHR $PTLA $ALDR $OPK $GLPG $ARWR $ONCS $MTEM $SGYP $NEPT $ASMB $JNJâ€¦ https://t.co/27Wn6dB9iJ,0
347,23/06/2020,Top 15 stocks added by Robinhood users today (# of users holding)1 Kitov $KTOV2 Apple $AAPL3 Amazon $AMZN4 Seaâ€¦ https://t.co/gztKHZrONg,1
348,23/06/2020,Terminal Preview v1.1 features are now available! Rename a tab and give it a color (tips &amp; tricks)! Launch on startâ€¦ https://t.co/760ktdbBcT,1
349,23/06/2020,Learn something new with our #Microsoft Learning Tools for #OneNote. Discover how to use Immersive Reader and more:https://t.co/HGxyR350ib,1
350,23/06/2020,$180 in loss. First red day in 3 weeks :( Nice early profits on $ROKU $MSFT and $TSLA Loss trades on $FB and $BAâ€¦ https://t.co/Svp6zPRmgT,1
351,23/06/2020,Holding BA BYND and MSFT calls for tomorrow.,1
352,23/06/2020,@penguinmarty @DefNotTheIRS JP Morgan msft  and airlines they will go down a bit more but roi for them will be significant in 1-2 years,1
353,23/06/2020,Terminal Tips &amp; Tricks Tuesday! Weâ€™ve got a new Tips &amp; Tricks page â€“ anyone have a fav tip or trick we could includâ€¦ https://t.co/G0csYbcs4V,1
354,23/06/2020,An 8th consecutive day higher for the tech heavy NASDAQ as $AAPL $MSFT &amp; $AMZN lead the charge.  S&amp;P 500 +13,1
355,23/06/2020,@its_me_axad Have you set your active hours? This should help prevent inconvenient updates: https://t.co/Olhbw6fPSn,-1
356,23/06/2020,#Microsoft acquires #CyberX to accelerate and secure customersâ€™ #IoT deployments https://t.co/pSXohpu6FH #MSDevIRLâ€¦ https://t.co/ir7siYfnOk,-1
357,23/06/2020,@MinionCapital Agree on TYL. Still think FB is undervalued and MSFT is frothy.,1
358,23/06/2020,TBD Tech Top 3 $AAPL:  +2.33% ðŸ“ˆ$AMZN:  +1.88% ðŸ“ˆ$MSFT:  -0.78% ðŸ“‰,1
359,23/06/2020,How do you empower collaboration within your remote #gamedev teams? First create clear and accessible documentatioâ€¦ https://t.co/1tTbhykTir,1
360,23/06/2020,Announcing STOCKHISTORY the newest member of the #Excel function family. Easily pull historical stock prices intoâ€¦ https://t.co/O2eNXMvkhz,1
361,23/06/2020,Top news$AAPL $AMZN $FB $NFLX $AMZN $MSFT $ADBE $NVDA $EA $PYPL 52wk hi$SPOT new ATH on $CMCSA availability$NKEâ€¦ https://t.co/7JsjtJhNS4,1
362,23/06/2020,Explore how leadership at @Jabil is using live events in #MicrosoftTeams to hold weekly Q&amp;A sessions to unify workeâ€¦ https://t.co/tVESEDEaaA,1
363,23/06/2020,@cinnamon_msft How could you survive that long without them?,-1
364,23/06/2020,Small wins add up. Thatâ€™s how I like to trade. No need to hit home runs every day. $100-$300 winners go a longâ€¦ https://t.co/8jADj1rDGf,1
365,23/06/2020,@BJKakkad Hi there. That's a great idea for a future update! We invite you to leave that to the following link forâ€¦ https://t.co/MGZtqriQ6Z,1
366,23/06/2020,The NASDAQ is getting a little tired today.  Many tech names forming bearish candles after a big run. Either we havâ€¦ https://t.co/hNc8veCeJS,-1
367,23/06/2020,$CBL LETS BREAK 65 CENTS AFTERHOURS! $ITOX WILL BREAK 6 CENTSðŸ“ˆðŸ’¸ $AAPL $AMD $AMRN $AAL $BAC $AMZN $MSFT $BA $ABTâ€¦ https://t.co/9Ew5STrSwZ,1
368,23/06/2020,Black Lives Matter forces LGBTQ organization to ... $AAPL $AMZN $BTC $ETH $FB $GOOG $MSFT $QQQ $SPY $TSLA #cnbcâ€¦ https://t.co/TzDxbwp5f0,0
369,23/06/2020,$MSFT 202 https://t.co/sUHi5VuEhs,-1
370,23/06/2020,@chamath @TSOH_Investing Its misleading as Chamath says because a lot of the MSFT Teams installs being counted heâ€¦ https://t.co/8PmOOmKz7V,-1
371,23/06/2020,@hle_Repsy @Bohlale_Chiloan My queen ðŸ˜­ðŸ˜­ðŸ˜­ðŸ˜­ðŸ˜‚ðŸ˜‚,1
372,23/06/2020,$SPX once again rejected at 3130-3150. Small caution flag as tech is very overextended. $AAPL $MSFT $AMZN $GOOG $FBâ€¦ https://t.co/aTM9jDM4LK,-1
373,23/06/2020,@Tocelot Still surprising. If you wanna point to network effects how can we ignore msft literally owning a console.,-1
374,23/06/2020,BULLISH SENTIMENT in $MSFT Jul-10 calls at $202.5 strike price. $550K premium paid.,0
375,23/06/2020,The way we work and live has changed in a short amount of time. Hear directly from Microsoft CVP Jared Spataro asâ€¦ https://t.co/mvWyVeKyH9,-1
376,23/06/2020,$INO ðŸ’µðŸ‘Œ$GOOG $AAPL $SPY $AMZN $TDOC $TSLA $COST $BA $NFLX $NVDA $TWTR $ZM $BABA $FB $DOW $MSFT $ES$QQQ $ATHâ€¦ https://t.co/0GIQYza06h,0
377,23/06/2020,@NTLiveStream Sven look at the daily candle forming on MSFT.,1
378,23/06/2020,@Mashole9 2/3â€” Can you provide us the screenshot of the error message youâ€™re getting when accessing your accountâ€¦ https://t.co/qPa7EcnbT2,-1
379,23/06/2020,@JasonHitchcock nice one on fsly it's been flying.  FB is making moves too esp w/ msft shutting down their gamingâ€¦ https://t.co/ZO7gmjzc3V,-1
380,23/06/2020,@vastglad this is just very sad. MSFT design never achieves even 50% of its concept..,-1
381,23/06/2020,@Brock_McHugebig Hi Brock! Thank you for reaching out to us. We understand that you want to know why your order waâ€¦ https://t.co/wj6UjE3NNC,1
382,23/06/2020,#QQQ #SQQQ #FNGD #AAPL #MSFT #FB #GOOGL #NFLX@BearTrapsReport Significant bearish RSI divergence in the Nasdaq 100 https://t.co/ihfP5Ejo6n,0
383,23/06/2020,While #remotework provides freedom from a physical office many employees now feel tied to their computers becauseâ€¦ https://t.co/ZSYHLM47Jp,-1
384,23/06/2020,Tina Fey has no counter for my AI vfx program that digitally alters every episode of 30 rock to put Liz Lemon in blackface,-1
385,23/06/2020,@adhall_msft Learning by doing. Best school on the planet! ðŸ‘�ðŸ�»ðŸ˜€,1
386,23/06/2020,Streamers + musicians + PUBG = a fun way to raise money for charity! Learn more about Gaming to Give Back and hearâ€¦ https://t.co/TOB9do01wx,1
387,23/06/2020,Microsoft Surface Book 3 13.5 review: A bold but ageing beauty -&gt; https://t.co/EtUTZmtJqA #MSFT #Microsoft #Surfaceâ€¦ https://t.co/cTTHgoKmjG,1
388,23/06/2020,$cldr $nok $abev $znga $save $mgm $c $coty $et $pbr $snap $xom $luv $msft $itub $bbd $hal $intcâ€¦ https://t.co/A2uQxdLHD4,1
389,23/06/2020,As the business world shifts to remote work safely sharing and accessing content is increasingly important. Learnâ€¦ https://t.co/P3QcSi5A5l,1
390,23/06/2020,2 men arrested in Oregon are accused of killing ... $AAPL $AMZN $BTC $ETH $FB $GOOG $MSFT $QQQ $SPY $TSLA #cnbcâ€¦ https://t.co/la0vRHeVqs,-1
391,23/06/2020,Microsoft Corp. (MSFT) surprised the market with Q3 result. Deutsche bank changed the rating to Hold as Microsoftâ€¦ https://t.co/O5VAW61D6m,-1
392,23/06/2020,@zeboul0n I can't unless I use dogfood. I use Outlook for work and I separate home and work life strictly :),-1
393,23/06/2020,Nah fam 4 the max. A nice 7 seater Suburban for all the activities and roadtrips! https://t.co/uKpzECJoKF,1
394,23/06/2020,NIST and MSFT have stepped back from password expiration- but thats not the whole story. Detecting compromised accoâ€¦ https://t.co/lLaGkKdnlr,-1
395,23/06/2020,@dfir_justin oh. now that site had an option I had not tried ... Organize by Thread. I can make it appear/disapperâ€¦ https://t.co/ocSEEkaAA5,-1
396,23/06/2020,Securely record and personalize videos that include annotations text and emojis directly from your phone with theâ€¦ https://t.co/jyFiohjqK9,1
397,23/06/2020,$KTOV Got that big green bar I was looking for going back up through 15min 200EMA showing a lot of bullishness. Weâ€¦ https://t.co/oLeWaWS4w6,-1
398,23/06/2020,The large caps of Tues. trading- $AAPL $AMZN $BA $TSLA $FB $MSFT $BABA $INO $NVDA $AAL $FSLY $ADBE $AMD $NFLX $UALâ€¦ https://t.co/cDsmRDEfAf,0
399,23/06/2020,$MSFT all out at 2.53,-1
400,23/06/2020,$MSFT - Microsoft adds $150M to diversity inclusion investment https://t.co/Q2ee1lfX5R,1
401,23/06/2020,$AYTU $1.50 COV19 RAPID TESTS - HUGE Demand as RECORD CASES - CA - FL - TX - Chart curling - massive ACCUM/DIST!â€¦ https://t.co/3861aW6OUj,0
402,23/06/2020,What's your cross-platform development solution? #dotNETRocks talks to @knz_whalen about using C# and XAML and deâ€¦ https://t.co/BLhSk7TTA7,1
403,23/06/2020,ðŸš½ðŸš½ðŸš½ðŸ˜‰ $AAPL $MSFT $QQQWARNED YOU,0
404,23/06/2020,Angry woman coughed on 1-year-oldâ€™s face at C ... $AAPL $AMZN $BTC $ETH $FB $GOOG $MSFT $QQQ $SPY $TSLA #cnbcâ€¦ https://t.co/3nIF5RiRAp,-1
405,23/06/2020,@Njabs_MSFT lol ? that gent used to finish my food when i was at his house.,-1
406,23/06/2020,Had to wait today for this $msft $1,1
407,23/06/2020,@wbayek @NTLiveStream Monthly 5 EMAs: AAPL 317 MSFT 181 AMZN 2395. Note: I have rounded thw numbers,1
408,23/06/2020,#OfficeInsiders on iOS you can now read your documents in Edit mode without fear of making accidental changes. Toâ€¦ https://t.co/ALFO4GPADs,-1
409,23/06/2020,@cinnamon_msft I need this setup.,-1
410,23/06/2020,@StreamHatchet @WatchMixer @FacebookGaming @Kyle__McPherson @Gardenhozer if you were wondering where MSFT the bump came from..,1
411,23/06/2020,@cssoz @Wesley_Wenhold @sayem_msft @androidcentral I cannot  commend OnePlus. If i remember correctly it's about leâ€¦ https://t.co/3mHAuU7ouI,-1
412,23/06/2020,@MSFT_Business @SandiFrench @tiesto @StevieNicks Iâ€™m 40! 41 end of July. Yeahhhh,-1
413,23/06/2020,This is annoying ðŸ˜‚ðŸ˜‚ðŸ˜‚ðŸ˜‚ðŸ˜‚ https://t.co/R4hkup6pFZ,-1
414,23/06/2020,@GuestJaen @sayem_msft @windowscentral The days of #hackintosh are numbered because #Apple is moving away from Intel,-1
415,23/06/2020,@ShpWrkz 2/3-Could you provide a screenshot of the exact message that youâ€™ll get when you sign in to your accountâ€¦ https://t.co/FMMtn5qgAf,-1
416,23/06/2020,$AMZN - Buy #AlertAMZN July 2480 PUT at 10.50#algotrading #algotrade #eosalgotrade #eosalgotrading $SPX $SPYâ€¦ https://t.co/AQYLDmH6tG,0
417,23/06/2020,thanks bro for all the charts and info #BABA #AAPL #NFLX #MSFT #BYND #ROKU https://t.co/65zv8y99IV,1
418,23/06/2020,$MSFT Out half here at 2.46,-1
419,23/06/2020,So are peeps ever going to lock in some gains in $amzn and $aapl?  With Nasdaq up for like the 8th straight day itâ€¦ https://t.co/5VUqYIPxEP,1
420,23/06/2020,The list continues with @oyara @eiximenis @rdiazconcha @jorgefdezsa @dpereirapaz @q3scrum @kastwey @saintwukongâ€¦ https://t.co/CUIm5w8GvU,-1
421,23/06/2020,@withaphsound Please check out the following article to know how our privacy works: https://t.co/0VdPJM87KV. Feel mâ€¦ https://t.co/lQzQTsJUej,1
422,23/06/2020,@msft_fml @imscotttoddy I wish I was stoked while compiling the set but growth doesnâ€™t want stoked. Growth wants nervousness.,-1
423,23/06/2020,Swing ideas $aapl $msft @fb @googl . Do your own DD Iâ€™m not a financial advisor,-1
424,23/06/2020,the market cap of $MSFT is larger than the entire US High Yield Market -- @themarketear https://t.co/r8ZgcMp0C3,0
425,23/06/2020,repost MSFTDynamics365catenarycat How can we help you Ed? For general support we recommend checking forums here anâ€¦ https://t.co/iuC6ZsVdhq,1
426,23/06/2020,@chrija Hi there no need to wait for likes! You can submit your feedback to the product team here:â€¦ https://t.co/TdwJjrIRfu,1
427,23/06/2020,$MSFT https://t.co/ef9PwRIHmv,-1
428,23/06/2020,@WhiteHouse @POTUS @realDonaldTrump President pls try to not use helicopter that often. It cannot glide and is easyâ€¦ https://t.co/ZOnZLlkxCK,-1
429,23/06/2020,@mikechip73 @MicrosoftTeams You can find some additional keyboard shortcuts available in Teams here: https://t.co/vtu4s5VNn0,-1
430,23/06/2020,@arismakesmusic @imscotttoddy You are,-1
431,23/06/2020,@LeoTheGreat300 @PuffDragon11 msft 5min looks walking on the diving board,1
432,23/06/2020,@jimcramer $WORK is a sleeper.  The chat user experience totally crushes $MSFT Teams in every way.  Very underratedâ€¦ https://t.co/zpEewTsbhJ,1
433,23/06/2020,@imscotttoddy @msft_fml I used stoked this morning to describe my joy re: playing a burning Blocks 2. I guess Iâ€™m in the secret club :),1
434,23/06/2020,@ShrewSynonymous Weâ€™d love to hear from you! Please share your experience with the Social Media Team by clicking thâ€¦ https://t.co/bQQYJWzp6T,1
435,23/06/2020,@adhall_msft I have had ghost mailboxes and ended up having to delete a bunch of directories and plist files to essâ€¦ https://t.co/PonYlwSlDF,-1
436,23/06/2020,With digital technologies being used for tracking tracing and testing individuals with #COVID19 we need to fightâ€¦ https://t.co/hkFDkzROHh,-1
437,23/06/2020,This just means more liquidity flowing for safe heaven companies like $AAPL and the likes. It will drive indexes hiâ€¦ https://t.co/aDykTsmRef,1
438,23/06/2020,$AAPL $FB $MSFT All up and $AAPL hit my target (372+) today..If my posts were helpful for your education/profitsâ€¦ https://t.co/8FHtlh25LJ,1
439,23/06/2020,#WWDC20 what does MacOS on ARM mean for performance of VMs #Docker and even #Windows considering MSFT's currentâ€¦ https://t.co/rnmGif0lKa,-1
440,23/06/2020,@adhall_msft (yeah I know you have tried as you work at MS.... but still... ),-1
441,23/06/2020,It will interest you that using 500000 million (500 billion) market capitalization in the screener results in justâ€¦ https://t.co/LCtd3JD3cH,1
442,23/06/2020,@cinnamon_msft Thanks for keeping my firm in business.,1
443,23/06/2020,@msft_fml Stoked to hear itâ€™s not just me,-1
444,23/06/2020,@adhall_msft Stopped using it 2 years ago. Outlook on iOS is sooo much better. Give it a try and your ghost problemâ€¦ https://t.co/2Qx0GW2n4v,-1
445,23/06/2020,all in $BABA to break new ATH$BA $AAPL $MSFT $AMZN $GOOGL $FB $NVDA $NFLX $JPM $BAC $GS $SPX $NASDAQ #ES_F,0
446,23/06/2020,iOS 14: All the New Features! $AAPL $MSFT - Homescreen redesign looks awfully like #Windows #Tiles https://t.co/Xeucp2Zyoh,-1
447,23/06/2020,@WendySiegelman @voteblueforgood Just another failure by Kushner.  How many is that now?,-1
448,23/06/2020,@Microsoft is one of the biggest #tech companies with a dominant market position in operating systems (80% global sâ€¦ https://t.co/IkkbwVkWFU,1
449,23/06/2020,@PerIversen4 You don't have to be rich to own these. You can do the fractional shares and buy a little bit of eachâ€¦ https://t.co/ufqWKpBjNb,1
450,23/06/2020,@krishnasuman Weâ€™d love to hear from you! Please share your experience with the Social Media Team by clicking the lâ€¦ https://t.co/jEj6QmyAVM,1
451,23/06/2020,@julianlightning @lxMondayxl @XcloudTimdog Also we already saw load time demo on SX from msft and it was not instanâ€¦ https://t.co/nBqLkAz36t,-1
452,23/06/2020,@_ubusisiwe Is not finishing your food some sort of love portion trick to make him stay or she's maintaining? Why do you hate food so much,-1
453,23/06/2020,Microsoft Azure and Johns Hopkins Medicine have partnered to accelerate precision medicine -&gt;â€¦ https://t.co/BtyRNelOcx,1
454,23/06/2020,Discover how startup @Fridai_official collected research to identify video gamer pain-points and successfully launcâ€¦ https://t.co/VbNhcdYCXq,-1
455,23/06/2020,@cinnamon_msft Loving the new terminal but I've noticed an issue since I've upgraded my PC. When I drag the windowâ€¦ https://t.co/WWJXY64a6d,-1
456,23/06/2020,$pixy contract news should be out soon and everyone will be chasing this dollars higher. WAY undervalued at $5 imo.â€¦ https://t.co/GvTyUC9QOZ,-1
457,23/06/2020,.@microsoft launches investments in Black- and African American-owned partner businesseshttps://t.co/YvWQ9AKgBb vi @KyleAlspach $MSFT,1
458,23/06/2020,@adhall_msft @Alex_A_Simons @divinetechygirl @ElisOl 100% with you on brainstorming whitboarding - my post itâ€™s are feeling sad and unloved,-1
459,23/06/2020,Has any had the ghost email problem in the Apple Mail client? Where a deleted or archived mail keeps coming back inâ€¦ https://t.co/FmNF7yQYuc,-1
460,23/06/2020,Top 10 stocks with bullish flows: $AAPL $FB $FSLY $ETSY $NVDA $AMZN $BABA $MSFT $AMD $TXN,1
461,23/06/2020,@jimcramer Yes thank you Jim for the endless $aapl pump. Not that it's a bad investment. It is now one of the biggâ€¦ https://t.co/CZqsSVjRUn,1
462,23/06/2020,@sayem_msft @androidcentral Everything is about perspective,1
463,23/06/2020,@msft_fml that's you man i'm merely an apprentice,-1
464,23/06/2020,Pope Francis accuses priests who defied pandemic ... $AAPL $AMZN $BTC $ETH $FB $GOOG $MSFT $QQQ $SPY $TSLA #cnbcâ€¦ https://t.co/0s9uMZfIys,1
465,23/06/2020,@AirlineFlyer Hi Jason we appreciate the feedback. We encourage you to vote comment and follow the progress of tâ€¦ https://t.co/HyCcGX9L6p,1
466,23/06/2020,Some nurses are incompetent and full of it . I don't know if it's bad luck or what but I always seem to get the worâ€¦ https://t.co/rOimIV0hAI,-1
467,23/06/2020,@catenarycat How can we help you Ed? For general support we recommend checking forums here and reaching out to ourâ€¦ https://t.co/pKT7r20Dw6,1
468,23/06/2020,I am 14 people short of reaching 100 followers on @github. If you like the work I do or want to see what I am up toâ€¦ https://t.co/7UYRaI2Gza,-1
469,23/06/2020,Why Fastly Stock Is Rising Today | The Motley Fool$FSLY $ZM $AMZN $AAPL $FB $MSFT $NET https://t.co/Hfz8wNpx8y,0
470,23/06/2020,Looking Toppy $MSFT #IrresponsibleFedPolicy Just ask @GuyAdami$DRIP outperformance of $VIX@CNBC $XLB $XLC $XLEâ€¦ https://t.co/wcWcXtSdtv,1
471,23/06/2020,MASSIVE GAINS ON $INO! $AAPL ATH $MSFT ATH $AMZN ATH and more in our live trading Discord. Join me @â€¦ https://t.co/3pcDJzVHAq,1
472,23/06/2020,@Voliik King,1
473,23/06/2020,@DiMartinoBooth This is a doom loop they canâ€™t escape from. Extend extend extend until when?! Until what happens??â€¦ https://t.co/2XIaB7IZU0,-1
474,23/06/2020,@jackronlloyd We're sure you will get the hang of it in no time Jack! We recommend checking out Tips in Windows 10â€¦ https://t.co/hQRHIvtqgf,1
475,23/06/2020,@hmeisler @teasri New Nifty Fifty? FANG MSFT SHOP BABA AMZN REGNCOST etc?,1
476,23/06/2020,TBD Tech Top 3 $AAPL:  +2.85% ðŸ“ˆ$AMZN:  +2.27% ðŸ“ˆ$MSFT:  +1.03% ðŸ“ˆ,1
477,23/06/2020,Learn how weâ€™ve modernized our finance audits with Azure #DevOps  and the impact that itâ€™s having:â€¦ https://t.co/NWKZ7f6T4Q,-1
478,23/06/2020,5 Things Strong Leaders Do https://t.co/ZNZQQyL6WG #MSFTAdvocate,1
479,23/06/2020,@skysuitewubs In the top 3 too,1
480,23/06/2020,Microsoft | $MSFTMSFT - swing puts - 7/2 expiry 200 strikeLong or short it with BTC on Trade8:â€¦ https://t.co/BdhQdyfEcz,0
481,23/06/2020,Mark your calendar for June 30! Webinar (9-10 AM PT) + AMA (10-11 AM PT): Empower your remote workforce with data sâ€¦ https://t.co/twCcPCkTfx,1
482,23/06/2020,Learn about new capabilities coming to the #MicrosoftGraph. https://t.co/hpJFFBt9rV https://t.co/WqY281yPlN,1
483,23/06/2020,Rapid recovery planning for #IT service providers https://t.co/jfHtEIJRTp #MSDevIRL #Azure #Developers,1
484,23/06/2020,@emmetgibney @IndieHackers That's the case I don't support. Market was already there and MSFT played shady to get câ€¦ https://t.co/76VA6mQMIw,1
485,23/06/2020,@sayem_msft @windowscentral Then switch another operating system with what fits with your tastes If you like the sâ€¦ https://t.co/VNaiRGRcl2,-1
486,23/06/2020,@eradikid LMAO SAME,1
487,23/06/2020,@nntaleb Have you assessed the cryptocurrency $LINK.  in terms of skin-in-the-game it is intertwined and operatiâ€¦ https://t.co/0PIkoLmaC5,-1
488,23/06/2020,Those MSFT rollups in the 200s just gave us an extra idkk 50% on top of the 100% we racked in previous.. good with that.,1
489,23/06/2020,@msft_fml What about referring to people as â€œmy gâ€�,-1
490,23/06/2020,$FSLY Fastly surpasses Zoom as the best-performing work-from-home stock | Markets Insider $FSTLY $ZM $FB $NVDAâ€¦ https://t.co/HaHXZBrWGV,1
491,23/06/2020,$6.2 trillion. That is now the combined market value of $AAPL $MSFT $AMZN $GOOGL and $FB. Record highs today for Apâ€¦ https://t.co/PYen7MOkE3,0
492,23/06/2020,@dcominottim It's what comes of trying not to offend anybody including  legacy users and multiple UI factions insidâ€¦ https://t.co/DeiyW4OqLS,1
493,23/06/2020,$MSFT shutting down Mixer so bullish $AMZN Twitch. Own them both heavily but quite a bit more AMZN.. Twitch is wilâ€¦ https://t.co/x5p51wwwu7,1
494,23/06/2020,@msft_fml I been using this word before even knowing its meaning ðŸ’€,-1
495,23/06/2020,2020 $ARGGY Aston Martin $AML Vantage Coupe Is More Than Just a Beauty It's an All-Around Charmerâ€¦ https://t.co/qSf1uSRccR,1
496,23/06/2020,@foreverfocusnyc Hi there. ðŸ˜Š Check out our education discount here and let us know if you have any more questions! https://t.co/BHhrPjly9V,1
497,23/06/2020,$MSFT bouncing off the 300 day moving average just like all the textbooks say ðŸ¤ªðŸ“š https://t.co/TgPHI5v4Pu,1
498,23/06/2020,BEARISH SENTIMENT in $MSFT Dec-18 puts at $220 strike price. $550K premium paid.,0
499,23/06/2020,I used our Ratios/Spreads/Correlations tool on @ycharts to be able to show how strong the trillion dollar companiesâ€¦ https://t.co/3CHCd3iwHp,-1
