No,username,Date,cleaned_tweets
1,IntTechAU,2020-06-23 23:59:20,MSCloud: Connect people systems and operations in new ways. Discover how #Microsoft can help any organization res… https://t.co/nE7RjbNpZU
2,IntTechAU,2020-06-23 23:59:19,MSCloud: Join us on June 30 at 11:30 AM PT for an interactive session that will focus on Microsoft #Azure Active Di… https://t.co/yccYzzJTgP
3,DrRodeSilva,2020-06-23 23:59:09,@danny_yu1 @shanthakottage @Roseandfalcon Have you actually done an indepth analysis of Uber accounts?In Europe Ub… https://t.co/jX8YsS582b
4,wylew,2020-06-23 23:58:48,Really disappointing that between both @gsuite and @Microsoft365 there is no good solution for my family domain. Af… https://t.co/35uT93TGTJ
5,AgentZeroNine,2020-06-23 23:56:57,@cinnamon_msft Slightly off topic: You know of any Terminal theme repositories?
6,IliketotweettoU,2020-06-23 23:56:08,Will $TWTR Do Something About Nikki Haley Threatening Fake Cowards With Bigger Army?$aapl $amzn $abbv $brk $ba… https://t.co/xoZNYz5x8B
7,cinnamon_msft,2020-06-23 23:55:18,@dltmurphy @richturn_ms Fantastic!
8,XtradesOfficial,2020-06-23 23:54:51,got 3 contracts for $289 Sold first for $191 second for $141 to secure some profits and let the 3rd ride free on… https://t.co/MvQCoWe8Yn
9,dltmurphy,2020-06-23 23:54:04,@cinnamon_msft @richturn_ms I've just checked and I'm on the old terminal preview app. Just installed the new one a… https://t.co/rBS23WytGv
10,MicrosoftHelps,2020-06-23 23:52:00,@caseywreiniche Thanks for providing us those information. We see that you've tried the account recovery form. Have… https://t.co/fCwpulbm0W
11,cinnamon_msft,2020-06-23 23:51:02,@dltmurphy @richturn_ms This update won’t go into the Windows Terminal build until July however it’s currently ava… https://t.co/ch8nmt4omI
12,dropwizz,2020-06-23 23:50:20,@msft_fml Supper stoked for the new epppppp
13,cinnamon_msft,2020-06-23 23:50:10,@richturn_ms To clarify 1.1 is only in the Preview build right now so you’d need Windows Terminal Preview installed to get it 👍
14,dropwizz,2020-06-23 23:50:08,@msft_fml Agreeed lol
15,musicnews360,2020-06-23 23:50:05,Indian and Chinese military agree to disengage ... $AAPL $AMZN $BTC $ETH $FB $GOOG $MSFT $QQQ $SPY $TSLA #cnbc… https://t.co/CxzGw7EA0i
16,MicrosoftTeams,2020-06-23 23:50:00,#TeamsTips101: Channels in #MicrosoftTeams provide a space where conversations can be seen and searched for by the… https://t.co/NYHOoTBZb0
17,likethewolf1,2020-06-23 23:47:55,@AlessioUrban Yep because is way bigger. MSFT is 36x the side of Russell 2000 index.... and it trades at only 11.5x… https://t.co/adXi09e50H
18,MicrosoftEdge,2020-06-23 23:41:10,@Shrek2At4K60FPS Hmm can you tell us which version of Edge you're currently running? https://t.co/jvC8tZRDGq
19,GoldmanSachBOT,2020-06-23 23:40:48,Microsoft Corp. (MSFT) surprised the market with Q2 result. Goldman Sachs changed the rating to Sell as Microsoft… https://t.co/yiinePK96R
20,kevindstevens,2020-06-23 23:38:57,MSFT making excel even harder to replace. https://t.co/zC5bGZD74G
21,MadMraket,2020-06-23 23:38:47,$NDX $QQQ $SOXX $AAPL $MSFT $NVDA $FB $AMZN $NFLX ...How Much Higher Could Nasdaq Rally?… https://t.co/WgO2aF9Pnc
22,TheTomLilly,2020-06-23 23:38:36,Here's your friendly #Azure tidbit for the day: Microsoft manages their regions in pairs. When building your multi-… https://t.co/CBMTWoxJvA
23,aaaamhim,2020-06-23 23:37:29,$CBL OVERSOLD BOUNCING AFTERHOURS! 💸📈 $RDUS $UTHR $PTLA $ALDR $OPK $GLPG $ARWR $ONCS $MTEM $SGYP $NEPT $ASMB $JNJ… https://t.co/wimxvxUb8U
24,sbrfernandez,2020-06-23 23:37:23,@saxena_puru No worries. Not asking for a call. I know you are expressing your opinion. Just curious as to whether… https://t.co/DZdVtggMiK
25,musicnews360,2020-06-23 23:36:48,Shopping Centre accused killer Jayden Lowah ... $AAPL $AMZN $BTC $ETH $FB $GOOG $MSFT $QQQ $SPY $TSLA #cnbc… https://t.co/h3OyT5PD1E
26,AleGusano,2020-06-23 23:36:25,@7Innovator Mine would be $MSFT
27,MSFTAdvertising,2020-06-23 23:35:50,Bravo to all of today's speakers at #SMX Next! 👏 Tune in tomorrow at 12:55 PM PDT to watch our own Matthew Mack… https://t.co/OnwZrcboHV
28,Steve_MSFT,2020-06-23 23:34:43,@CPoweredLion Awesome!  For the record PS7 ARM32 is fully supported on Linux and Windows.  ARM64 on Linux is suppo… https://t.co/luQbIh93F6
29,LueyWorld,2020-06-23 23:32:40,@BLXCKAMIR Not sure... I guess I'll find out with my AAPL MSFT &amp; BA puts lol
30,MicrosoftTeams,2020-06-23 23:32:20,@c_tolkien Hey Chad thanks for reaching out. Our team is currently reviewing a feature for setting default backgro… https://t.co/73JdWvzyk7
31,VisualStudio,2020-06-23 23:30:20,@d3dal3 Thanks for flagging this Vianney. Just to confirm is the error message similar to this one:… https://t.co/699sHLvkOl
32,MSFTDynamics365,2020-06-23 23:30:02,Automatically scan emails for contact details and update contacts in #MSDyn365 without manual data entry. Try… https://t.co/xwpEjWVxTO
33,MSPowerBI,2020-06-23 23:30:01,Get what you need from your data and take action. Visualize share and collaborate faster than ever before with Mi… https://t.co/QgT5fO0bvi
34,VisualStudio,2020-06-23 23:30:01,Discover the best formatting style for your #cpp projects with the new #Clang Format Editor from @ClangPowerTools:… https://t.co/e0qpQ4MTjn
35,Azure,2020-06-23 23:30:01,Extend bots built with Power Virtual Agents with Bot Framework Skills. Read the blog for more #MSBuild updates:… https://t.co/jQDiDpirbP
36,MSCloud,2020-06-23 23:30:00,Connect people systems and operations in new ways. Discover how #Microsoft can help any organization respond and… https://t.co/kGyRCwRiuV
37,SQLServer,2020-06-23 23:30:00,Maximize value and performance when you move your #SQL Server workloads to #Azure Virtual Machines. Read the Packt… https://t.co/cmiskUov3e
38,Microsoft365,2020-06-23 23:30:00,This month on “What's New with Microsoft 365” we cover the new support experience in the @MicrosoftTeams Admin and… https://t.co/15aGBIHA0M
39,Sowzies12,2020-06-23 23:28:48,@saxena_puru $MSFT $FB $AAPL $NVDA $SHOP $AMZN all at all time highs today. Wow!
40,andydupertuis,2020-06-23 23:28:01,This red dev symbol appears on the @Skype toolbar icon associated w the MSFT store skype app. Is this a #dogfood ve… https://t.co/HOTceZpGlH
41,billwhelpley,2020-06-23 23:27:15,TInternet Association whose members include Amazon (AMZN) Google (GOOGL) Facebook (FB) Microsoft (MSFT) Twitte… https://t.co/OVDYJBc90z
42,IliketotweettoU,2020-06-23 23:25:52,Nikki Haley Was A #Boeing BOD Member But Certainly Not For Her Judgement &amp; Brains As Evidenced By This Tweet.… https://t.co/FCx1G3AOR0
43,musicnews360,2020-06-23 23:25:03,95% of Americans want to see the criminal ... $AAPL $AMZN $BTC $ETH $FB $GOOG $MSFT $QQQ $SPY $TSLA #cnbc… https://t.co/ofMEQOux6H
44,PZ_Solutions,2020-06-23 23:24:52,repost MSFTDynamics365Find out why 75% of business leaders believe #AI will revolutionize their companies in the ne… https://t.co/vpjb2YXyvN
45,PZ_Solutions,2020-06-23 23:24:52,repost MSFTDynamics365Join gemmamilne for a look at how companies are adapting to a disrupted world and preparing f… https://t.co/Yj6fdwfMaa
46,TechXan_Finance,2020-06-23 23:23:45,Microsoft VPs make the pitches... They Digitally Democratize the value message...A Microsoft executive asked me… https://t.co/fWPMy3VmBL
47,Windows,2020-06-23 23:22:18,@oddparadoxx Hey let's sort this out. Follow these steps to troubleshoot blue screen errors and let us know how it… https://t.co/8Ib20KRvXn
48,Windows,2020-06-23 23:22:17,@raghavpurohit87 We understand your frustration. Check out this thread to learn more about how to remove Edge and… https://t.co/KypVPDlW5W
49,MichaelPayne003,2020-06-23 23:21:38,6/23/2020 Stock Indexes rose once again with Dow up 131 Points Nasdaq up 74 Points S&amp;P500 up 13 Points Vix down… https://t.co/IzjauVdWgg
50,windowsdev,2020-06-23 23:20:00,@darktears Not at all Alexis! Each of our users is very important to us. Would you consider sharing your thoughts… https://t.co/Lwzu8PAF6x
51,DTR_Markets,2020-06-23 23:15:18,More gains for stocks as Nasdaq marches higher. - https://t.co/3dRxuHCYv4#Covid19 #Trump #WallStreet $DOW $DIA… https://t.co/XblWm0rQyx
52,musicnews360,2020-06-23 23:14:43,An 8-year-old girl her mother and her ... $AAPL $AMZN $BTC $ETH $FB $GOOG $MSFT $QQQ $SPY $TSLA #cnbc #foxbusiness… https://t.co/qaCSuV4qOp
53,ErnestMEdsel1,2020-06-23 23:13:19,@SagarYogendra @MarieHyde @Dawnnewyorker Congressman Raja @CongressmanRaja is another Fortune 500 #H1B #S386… https://t.co/WHMD1WRmcM
54,HardcoreGamestm,2020-06-23 23:11:51,@Microsoft @Windows MSFT should also address homelessness and poverty
55,surface,2020-06-23 23:11:12,@MarkhamAllen We appreciate your honesty and feedback Allen. You can keep track of known issues and notifications… https://t.co/hq7nbRTKww
56,saxena_puru,2020-06-23 23:10:08,@MikeySoltis MSFT not so much imo
57,Njabs_MSFT,2020-06-23 23:09:44,@ItsHer_Nessa Thanks. Do you want to check out my cart? 😩
58,MikeySoltis,2020-06-23 23:07:27,@saxena_puru Does this include $MSFT or is that more of a cloud play now? Thanks Puru
59,vanckzhu,2020-06-23 23:07:10,@schaudenfraud I think it's useful to compare consumer staples to $MSFT generally though. $MSFT these days is a def… https://t.co/v4HT4C27ru
60,ederbond,2020-06-23 23:06:03,@maddyleger1 Answered. Not it's your turn @maddyleger1 and @davidortinau ... Does MSFT have any published app of yo… https://t.co/WwEaBUqFEG
61,tradeui,2020-06-23 23:04:00,$MSFT Microsoft Option Alert: Jul 2 $195 Calls Sweep (9) near the midpoint: 593 @ $9.401 vs 7396 OI; Earnings 7/16… https://t.co/dKQ8N6G2aB
62,musicnews360,2020-06-23 23:03:26,Mel Gibson accused of anti-Semitic oven dodger ... $AAPL $AMZN $BTC $ETH $FB $GOOG $MSFT $QQQ $SPY $TSLA #cnbc… https://t.co/bo69m2zuMK
63,Synthia_2077,2020-06-23 23:02:53,@msft_fml Dayum!! That makes me no producer mine are probably sh*t f*ck and c**t even worse on a full moon… https://t.co/KTYybk0Uez
64,TheoWerewolf,2020-06-23 23:02:51,@thallanor MSFT is too used to winning by default to be good at marketing. Like... the original name for OneDriv… https://t.co/KiubcClDqQ
65,surface,2020-06-23 23:01:59,@DarrenAlexand Hi Darren. Learn more about Surface power supplies and charging requirements here: https://t.co/7ZvxWtncQV
66,MS_ITPro,2020-06-23 23:00:20,Test your #AzureMigration readiness with the SMART tool so your team can go forward together with confidence. Start… https://t.co/zI2veszyjp
67,msftfinserv,2020-06-23 23:00:08,Did you miss the Microsoft Envision Forum for Financial Services series?Get the recap: https://t.co/k6EXINEnoA https://t.co/sU5XSb6Nvv
68,MSFTDynamics365,2020-06-23 23:00:06,Find out why 75% of business leaders believe #AI will revolutionize their companies in the next three years. Learn… https://t.co/IKITa3lFQS
69,Outlook,2020-06-23 23:00:02,🌈 Show your colors with the special theme inspired by the rainbow flag of the LGBTQI+ community. 🌈 Now available… https://t.co/fJV7HNWBu0
70,MSCloud,2020-06-23 23:00:01,Join us on June 30 at 11:30 AM PT for an interactive session that will focus on Microsoft #Azure Active Directory a… https://t.co/ByitmTyo44
71,MSFTGameStack,2020-06-23 23:00:00,Now in public preview #CloudScript using Azure Functions with more languages (like C#) and local debugging in Visu… https://t.co/n00fsGthnH
72,Azure,2020-06-23 23:00:00,Trying to make your website's performance more consistent for farther away users but want to avoid putting an enti… https://t.co/GqPYuTHtVt
73,MSPowerBI,2020-06-23 23:00:00,Experience unmatched time to insight with #AzureSynapseAnalytics and discover how you can get:▫ Limitless scale▫… https://t.co/SNm10CegYX
74,windowsserver,2020-06-23 23:00:00,Discover what’s new in #SQLServer 2019—unlock faster querying speeds take advantage of improved security features… https://t.co/t3C0YowwXJ
75,SQLServer,2020-06-23 23:00:00,Find out how you can take advantage of offers and tools to maximize your efficiency. Here are five tips to help you… https://t.co/7FxxdPDXaA
76,MSdevIRL,2020-06-23 23:00:00,Improving Productivity With #Devops And Microsoft #Teams https://t.co/Hpzne4VPGK #MSDevIRL #Azure #Developers
77,msftsecurity,2020-06-23 23:00:00,Azure Security Center discovered a new campaign that targets Kubeflow a machine learning toolkit for #Kubernetes.… https://t.co/iC6JhLttmP
78,shimejimeshi,2020-06-23 22:59:24,S&amp;P500 +0.43%Russell2000 +0.41%SOX +0.22%DJT +1.32%HYG +0.14%STOXX600 +1.30%DAX +2.13%FTSE +1.21%FB +1.26%… https://t.co/TCKuZ7tX10
79,IntTechAU,2020-06-23 22:59:14,MSCloud: Don’t miss this fireside chat with Craft Worldwide for insight into the tools you can use to help your rem… https://t.co/xMuKM7D8i9
80,surface,2020-06-23 22:59:08,@cspkcats A higher configuration of Surface Pro 7 would be perfect for what you're looking for! It offers the power… https://t.co/aZkb0iouEw
81,RonaldTooTall,2020-06-23 22:58:37,Former employees at #Microsoft's Mixer say the company failed to take action on #misconduct complaints about 'toxic… https://t.co/AzAoVkvoS0
82,jonsproule,2020-06-23 22:58:19,MSFT  BULLISH
83,PeterTrader99,2020-06-23 22:58:18,@TraderYet Options? $MSFT I sold too last week but bought back and kept selling higher few more times 😂
84,NiteWolf03,2020-06-23 22:56:53,@optionsappetite I thought the same thing. How dare you $MSFT! Shame
85,Precision_Peak,2020-06-23 22:55:39,$MSFT 200 call options. Sold! https://t.co/UumnK3I2Su
86,TraderYet,2020-06-23 22:55:33,@PeterTrader99 Sold my MSFT last week and now I own none of these forkers.
87,aaaamhim,2020-06-23 22:53:25,$CBL traders jumping in FINALLY twitter search just got hot again the last 5 minutes. SHORT SQUEEZE!!!$CBL OVERSOL… https://t.co/gUMWxbGBvo
88,defcon_5,2020-06-23 22:52:32,It’s time to #BreakUpBigTech #BreakUpBigData.You up @TheJusticeDept @JusticeATR @FTC @ewarren @senblumenthal… https://t.co/w8vXoUIRAV
89,LexScobey,2020-06-23 22:51:41,@ambatthew @DuckDuckGo it's been a big part of their marketing for the past couple of years and while it should of… https://t.co/SLSigUhK7S
90,uber_trading,2020-06-23 22:48:04,@cperruna Same. I won't be the least surprised if it keeps going for a bit more but the headwinds are growing now -… https://t.co/h5Yu5bkcvq
91,musicnews360,2020-06-23 22:47:00,Florida man spat on gay bartender's face after ... $AAPL $AMZN $BTC $ETH $FB $GOOG $MSFT $QQQ $SPY $TSLA #cnbc… https://t.co/LRKzSJSfuu
92,Hoorge,2020-06-23 22:45:03,@mannys_msft Hey good to connect with you today #MSTeams
93,guysherman,2020-06-23 22:42:26,@nzigel What’s crazy is it was only like a year-ish ago that they MSFT and AAPL hit the 1T mark and they’ve grown ~50% since then
94,ItsHer_Nessa,2020-06-23 22:42:09,@Njabs_MSFT Zara for the babies
95,Windows,2020-06-23 22:39:23,@ysharad28 Hey there. We have tons of educational resources you might like check it out: https://t.co/xLEutmkmqR
96,Speculator5150,2020-06-23 22:38:10,@rationalwalk I understand why people felt that way about Buffet... His purchase of IBM and refusal to buy MSFT eve… https://t.co/eeCECr89fi
97,nickspag1,2020-06-23 22:37:06,@clint_francis Yup! I don’t really play enough for it to be a tough decision. Disappointing move outta MSFT.
98,MinteractApp,2020-06-23 22:36:56,Tuesday's Top Sell Flow in #NASDAQ animated. #NASDAQ100 $MSFT $NVDA $ADBE $ORCL $EBAY $BIIB $AMGN $DELL $INTU $VRTX… https://t.co/dyqjtGTpk1
99,TyrreWhitt,2020-06-23 22:36:42,@msft_businessCA You see when certain people couldn't get fired they wanted to fire you instead. #H
100,Principal_IT,2020-06-23 22:36:03,Former employees at Microsoft's Mixer say the company failed to take action on misconduct complaints about 'toxic w… https://t.co/AjF54ZhjZ5
101,MSFT__Incel,2020-06-23 22:35:46,@sam_kriss Oh yeah I totally agree there. People already hitting out on him when he did nothing wrong
102,JohnMarlin_MSFT,2020-06-23 22:35:41,Trumpsky:  Slow down the testing pleaseTrumpsky lapdogs: He's just kiddingTrumpsky: I don't kidTrumpsky lapd… https://t.co/tjrpt6BsuT
103,MS_ITPro,2020-06-23 22:35:10,Start using #Azure Synapse Analytics in just a few minutes and start gaining valuable insights faster. Get the tool… https://t.co/41mlt06lrG
104,sam_kriss,2020-06-23 22:35:04,@MSFT__Incel i liked the display personally but now he has a huge undeserved target on his back as a result of someone elses understanding
105,VisualStudio,2020-06-23 22:35:01,Straight from #MSBuild @ErikaSweet_ and @NickUhlenhuth are ready to give you a detailed look at developing softwar… https://t.co/WU0VHxLsMo
106,gavinbarron,2020-06-23 22:34:43,@adhall_msft Thanks I'll see what the lawyer says tomorrow when she's back in the office.
107,MSFT__Incel,2020-06-23 22:33:36,@acczibit Yeah I wanna kms
108,MSFT__Incel,2020-06-23 22:33:15,@sam_kriss Is it? Idk no one is thrown under the bus. An innocuous symbol of unity doesnt hurt anyone
109,OpenAtMicrosoft,2020-06-23 22:33:09,Get hands-on guidance for deploying and managing #Linux workloads on #Azure. Download the complimentary e-book:… https://t.co/XuaXTQr2V4
110,MSPowerBI,2020-06-23 22:33:00,The June 2020 release is full of updates and enhancements! Check out the full #PowerBI Desktop Update video to lear… https://t.co/fSUvF4Xzng
111,MSPowerApps,2020-06-23 22:30:44,You don’t need to be a professional developer—just follow these easy steps to start creating your own low-code app:… https://t.co/VTjmWFfDbO
112,Microsoft365,2020-06-23 22:30:10,Don't know where to start when it comes to compliance? Discover our 8 tips to focus your compliance strategy — to p… https://t.co/gX5wDSHikh
113,MSFTDynamics365,2020-06-23 22:30:10,Join @gemmamilne for a look at how companies are adapting to a disrupted world and preparing for tomorrow. Listen t… https://t.co/qWJDSeNXbj
114,Azure,2020-06-23 22:30:06,Discover how enterprises are taking advantage of #Azure Maps capabilities to optimize business operations using loc… https://t.co/nTySL1N3Nm
115,MSFTAppSource,2020-06-23 22:30:02,Easily manage and share templates in Office 365 #MicrosoftTeams and more across your organization with the… https://t.co/FUnUG9U9X1
116,Health_IT,2020-06-23 22:30:01,A journey to good mental health both for yourself and within your community is more than possible—it's a necessit… https://t.co/BJVekQFesi
117,MSFTGameStack,2020-06-23 22:30:00,Learn the basics of Mesh Shaders in #DirectX12: https://t.co/4fWcbj73OM
118,Azure,2020-06-23 22:30:00,Yuri Diogenes joins @shanselman to reveal how #Azure Security Center helps you identify and implement security best… https://t.co/zHwDFXdgSu
119,MSFTQuantum,2020-06-23 22:30:00,Discover how @OTILumionics can open its computational pipeline to run more accurate simulations at significantly hi… https://t.co/zowZsAu3Xz
120,MSFT__Incel,2020-06-23 22:29:24,People want to make Bubba Wallace a Jussie Smollett so badly. Pretty sad you can't help but criticize a black guy f… https://t.co/iLdxdBFLw2
121,MSFT__Incel,2020-06-23 22:28:26,@CalebJHull Why? He didnt use it to attack any fellow drivers or use it for any purpose other than racism is bad… https://t.co/vCcNfNDr2s
122,MicrosoftHelps,2020-06-23 22:27:17,@PuneethHardekar 2/2 details about your main concern for us to check if we can provide you options In case you miss… https://t.co/xzWdWppmIU
123,RCTrades1,2020-06-23 22:26:37,Anyone catch that insane $FSLY bull run? 😱RC did in our FREE trading room! 💰Join today and start making money w… https://t.co/XZeSzeJMLP
124,musicnews360,2020-06-23 22:22:41,Moose trapped in thick mud pulled to safety by ... $AAPL $AMZN $BTC $ETH $FB $GOOG $MSFT $QQQ $SPY $TSLA #cnbc… https://t.co/6jQjmSD9td
125,Windows,2020-06-23 22:20:43,@jkwphysics We understand your frustration. You can keep track of known issues and notifications here: https://t.co/EE2s20CHKw
126,SPXTrades,2020-06-23 22:20:04,Scalper caught both sides on $MSFT More details at https://t.co/u0M7Qrcf6m https://t.co/XamFeU4uhR
127,Windows,2020-06-23 22:18:59,@ultimatejisoo Let's have you run through these troubleshooting steps and keep us updated with the results! https://t.co/qqyoHNgZSG
128,Azure,2020-06-23 22:18:34,Learn how @Kennametal is creating the factories of the future including the migration of SAP to #Azure:… https://t.co/2SdEkO67Ue
129,adhall_msft,2020-06-23 22:17:41,@gavinbarron Sorry mate know a few people who are now wondering “so what happens now” ... so short sighted.
130,MSPowerAutomate,2020-06-23 22:17:01,Digitize pen-and-paper tasks and automate complex processes. See how process automation lets you do more with less:… https://t.co/zDksswWflP
131,MSCloud,2020-06-23 22:15:13,Don’t miss this fireside chat with Craft Worldwide for insight into the tools you can use to help your remote teams… https://t.co/PKcEvTwteo
132,awakecoding,2020-06-23 22:15:00,@janne_rantala @Taylorb_msft @windowsserver Absolutely! It may not be the coolest feature request in the backlog b… https://t.co/uhwk66hPM0
133,Njabs_MSFT,2020-06-23 22:14:36,Where can I find nice black formal pants?
134,PrefShares,2020-06-23 22:14:26,@JerryCap Equal weighted portfolio of: $V $MCO $AMZN $AAPL $SHOP $ADBE $HD $TSLA $MSFT $VRSN $NOW $NKE $ECL $EQIX… https://t.co/JEBjy76QFn
135,MS_ITProCA,2020-06-23 22:14:01,Learn why The PUR Company chose Microsoft 365 to help it keep pace with its rapid growth and delectables-driven suc… https://t.co/ySD8JcFSGX
136,FuzzySec,2020-06-23 22:12:39,@sociallydista19 @cyb3rops I mean empire (just used as an example here) was introduced at a time when there was 0… https://t.co/lCGosMPMBJ
137,musicnews360,2020-06-23 22:10:46,Miss. St. RB Kylin Hill vows not to play unless ... $AAPL $AMZN $BTC $ETH $FB $GOOG $MSFT $QQQ $SPY $TSLA #cnbc… https://t.co/T66yOXdfFh
138,Njabs_MSFT,2020-06-23 22:09:57,@Nkanyiso_ngqulu This is atrocious
139,Windows,2020-06-23 22:09:29,@WaviiiKy Hi there. You can learn more about your language settings in Windows 10 here: https://t.co/KQOu7iX9dq
140,MSFT_31,2020-06-23 22:09:24,I wanna be in a band so bad lmao
141,TheOmCEO,2020-06-23 22:09:19,⚡ How #Blockchain enables the divergence of free speech #1A including reinventing #SocialMedia. $FB $TWTR $MSFT… https://t.co/vscJshIZSW
142,adhall_msft,2020-06-23 22:07:38,@ryancrawcour Public preview today so would be a preflight for now.
143,Njabs_MSFT,2020-06-23 22:07:34,Abusers hate it when you have friends and family so they work hard to destroy that for you so they can start abusin… https://t.co/X9Mw76QPVY
144,MinteractApp,2020-06-23 22:05:24,#Microsoft $MSFT Has An Excellent #Technical Analysis Score (TA Score). Breakdown Of 3 Categories: #candle score Ex… https://t.co/YhEXZd3v8B
145,dotnetissues,2020-06-23 22:05:05,Address feedback from customers for the UX[NuGet\NuGetGallery #8070 t-mog-msft] https://t.co/9WSm0qlt1B
146,ryancrawcour,2020-06-23 22:03:44,@adhall_msft Can't find the app in the store. Is this enterprise distribution only?
147,SuperLuckeee,2020-06-23 22:03:02,Watch into earnings this coming week: $NKE $KBH $MLHRNext month long swing into March 2021: $NFLX $AMZN $AAPL $MSFT $NVDA $STMP $TEAM $SPLK
148,NPetallides,2020-06-23 22:02:28,#HappyTuesday Friends ... #Stocks RECORDS FOR #Nasdaq $AAPL $AMZN $FB $NFLX $MSFT $PYPL $PTON and more  Have a grea… https://t.co/e5Js5wDxKs
149,BullTradeFinder,2020-06-23 22:02:22,$TSLA $MSFT $GOOGL $AMD $AAPL $SHOP $FB CONGRATS TO OUR VIP MEMBER! 💰💸 #BTF #BullTradeFinder https://t.co/gVHezERwsD
150,11Graphs,2020-06-23 22:00:53,P/B among largest #stocks $SPX $SPY1. 🇺🇸 APPLE INC. $AAPL: 19.332. 🇺🇸 MICROSOFT CORPORATIO. $MSFT: 12.923. 🇺🇸 AL… https://t.co/eZqUTtYMAk
151,FiliTheTester,2020-06-23 22:00:26,$MSFT - Microsoft Corporation$DDOG - Datadog Inc.$NVDA - NVIDIA Corporation$AMD - Advanced Micro Devices Inc. https://t.co/4qWBQ3rlNc
152,dennisguzy,2020-06-23 22:00:05,Learn how @PwC took advantage of Cognitive Search to help financial institutions meet regulatory requirements faste… https://t.co/jYo2365jtp
153,msft_nick,2020-06-23 22:00:03,The 3 Components of Mental Strength https://t.co/1iR7fXKTY4 #MSFTAdvocate
154,AzureDevOps,2020-06-23 22:00:00,@lukepooped We see your point. In that case we've a dedicated team of experts that could provide insights for your… https://t.co/tYcmSPGGWp
155,msftsecurity,2020-06-23 22:00:00,Gain more insight into your organization’s network and improve your security operations capabilities. Learn how… https://t.co/HpGI5sqVNw
156,MSdevIRL,2020-06-23 22:00:00,Simplifying declarative deployments in Azure https://t.co/4dto3koe8N #MSDevIRL #Azure #Developers
157,Microsoft365,2020-06-23 21:59:48,@DeepeshKrSingh Hi there thank you for that great suggestion. Can you post that idea at the following link? https://t.co/vDOsriQHYV
158,RealUrBautz,2020-06-23 21:59:35,@adhall_msft Yes. Still to bad to keep up with here and Sygic.
159,Tsejuu,2020-06-23 21:58:29,I used to be a die hard fan of MSFT product but God opened my eyes.Shitty apps. So much bugs.You would this wor… https://t.co/S8EPx3jUBv
160,JensHMadsen,2020-06-23 21:55:54,@expta @RossSmithIV @gregtaylor_msft @mealiffe @FeverTreeMixers So a Suffering Bastard for a Suffering Bastard I get it @expta
161,chief_justice__,2020-06-23 21:53:40,$QQQ $AAPL $MSFT $FSLY $TWLO $SHOP and many others hit all time highs today. 19 of the last 22 trading sessions hav… https://t.co/BghmeOTjwc
162,PlayCraftLearn,2020-06-23 21:53:01,A #BuildChallenge brings out the creativity in students! See what learners around the world developed for May's Cod… https://t.co/S0RRhKS9Gk
163,aaaamhim,2020-06-23 21:51:55,$CBL what did i tell u!!? .355 already getting chopped down!💸 $xrp $btc $spy $tsla $msft $goog $ba $fb $amd $v… https://t.co/QGE0Tn9d8G
164,JimS83963080,2020-06-23 21:51:34,@GossiTheDog I love what MDATP is doing in that space but the rest of Msft needs to keep up. Especially when the M… https://t.co/9MlCsdpxdG
165,PeterTrader99,2020-06-23 21:49:45,ATH/52wk high today 👏👏👏$AAPL $ADBE $AMZN$DOCU$ETSY$FB$MSFT$NFLX $NOW $NVDA$PYPL$QQQ$SHOP $SQ$TTD $TWLO
166,bmoore_msft,2020-06-23 21:47:56,Slightly ;) better docs for the #armttk than I'm able to do in markdown: https://t.co/0W8OPYOKPI
167,nhuntwalker,2020-06-23 21:46:53,If I hated MSFT's guts &amp; wanted to bet on it failing &amp; it instead does well I only paid out $9.68 for a PUT option… https://t.co/1dL8iLu50u
168,nhuntwalker,2020-06-23 21:46:52,If instead I had bought 100 shares of MSFT today and spent $20191 on 100 shares and it tanks to $50/share I've lost $15191.Similarly...
169,nhuntwalker,2020-06-23 21:46:52,A natural question that may come up especially for the CALL option is why do this?It's all about minimizing r… https://t.co/P6PrAEFu7y
170,ElliottForecast,2020-06-23 21:46:50,$MSFT chart of the day our view June 19.  Was expecting further upside to take place before a larger pullback may… https://t.co/UWUm60Zs6z
171,musicnews360,2020-06-23 21:45:41,Anti-vaxxer tennis star Novak Djokovic tests ... $AAPL $AMZN $BTC $ETH $FB $GOOG $MSFT $QQQ $SPY $TSLA #cnbc… https://t.co/8pBhbt2tpM
172,msexcel,2020-06-23 21:45:08,@SamFeds Hi Sam thanks for reaching out. You can learn more about the data sources here: https://t.co/95C7pqHt1b… https://t.co/qQ295YUd9N
173,Microsoft365,2020-06-23 21:41:50,@nariusp Hi Narius our team is working on bringing this feature to Teams. You can stay up to date at the following… https://t.co/ezuLTd1MCs
174,CPoweredLion,2020-06-23 21:40:21,Niiice... Looks like #PowerShell works fine on the #AWS Graviton2 ARM based instance. (despite poweshell support fo… https://t.co/oJgJXlQ3jo
175,nhuntwalker,2020-06-23 21:39:50,Then you can sell those 100 shares at $201.91 / share. Let's say that again with the totals.If MSFT's value tank… https://t.co/4TO1DKHAQY
176,nhuntwalker,2020-06-23 21:39:50,So what does this mean? Here's one thing it can mean. If in 6 months Satya Nadella is replaced by someone whose onl… https://t.co/7eFvAnPktH
177,nhuntwalker,2020-06-23 21:39:50,You DO NOT have to ownDO NOTYou DO NOT have to own 100 shares of MSFT when you buy the PUT option. Because what… https://t.co/rsrJz6V1X0
178,nhuntwalker,2020-06-23 21:39:50,Here's the tricky shit that blew my mind and had me like THIS IS A GRIFT!Are you ready?You do not have to own… https://t.co/g0z1FkKm39
179,nhuntwalker,2020-06-23 21:39:49,Let's talk about the second option the PUT option. A PUT option gives me the right to *sell* 100 shares of a stock… https://t.co/407TN9rqeF
180,DivergentVentur,2020-06-23 21:37:42,Every end of the month i hear a similar story. Some big volume on options expiration some big portfolio rebalance… https://t.co/vRxGRdEkRV
181,cssoz,2020-06-23 21:37:06,@Imaz728 @Wesley_Wenhold @sayem_msft @androidcentral IPhone 6 has been selling all the way up iPhone 8. 4 years worth of recycling
182,artSmartBe,2020-06-23 21:35:49,@DavidTaggart Let me guess. It will be 10X easier to pull in MSFT than other stocks....
183,cssoz,2020-06-23 21:35:39,@zergione @Wesley_Wenhold @sayem_msft @androidcentral I have the 3 5 and 6. The 5 feels find to me. 🤷🏻‍♂️
184,AzureDevOps,2020-06-23 21:35:01,GitHub Actions makes it easy to build test and deploy your application right from #GitHub.In this episode of… https://t.co/RY9hho5BxF
185,Windows,2020-06-23 21:34:33,@PavanGayakwad We appreciate the feedback! Have you dropped this in our Feedback Hub? We're always looking for ways… https://t.co/2SXbUEhBUH
186,Outlook,2020-06-23 21:34:21,@caitlin_turley Hi Caitlin thanks for reaching out. We have some troubleshooting information that may help you log… https://t.co/cgGOejMaFN
187,nhuntwalker,2020-06-23 21:34:12,If MSFT goes up to $300/share I can say oh yes gimme and buy it for $201.91/share. At that point I have to have t… https://t.co/uPHc4ZFDme
188,nhuntwalker,2020-06-23 21:34:11,I don't have to exercise that right. If MSFT goes down to $100/share I can say nah I'm good &amp; let my CALL option… https://t.co/3xPlZS3rgl
189,Floret_Loret,2020-06-23 21:34:11,@msft_fml Attacked
190,nhuntwalker,2020-06-23 21:34:11,On Robinhood the price of a CALL option on MSFT to be exercised in 6 months (12/18) is $9.68. So for $9.68 cents I… https://t.co/cbVeqGKvcD
191,nhuntwalker,2020-06-23 21:34:11,When I buy a CALL option on MSFT I'm buying a contract giving me the right to buy 100 shares of MSFT at some futur… https://t.co/3akLkir9ky
192,nhuntwalker,2020-06-23 21:34:11,There's two kinds of agreements you can buy: a CALL option or a PUT option. I could start with definitions &amp; whatno… https://t.co/NhPi2QMX4t
193,Stocks_ai,2020-06-23 21:32:18,Microsoft Corp (MSFT) price at close 2020-06-23 is 201.91.
194,aaaamhim,2020-06-23 21:32:06,$CBL BOTTOM getting loaded  AFTERHOURS! BOUNCING! .65 break? $xrp $btc $spy $tsla $msft $goog $ba $fb $amd $v $qcom… https://t.co/LOVRMkgwgM
195,ykza_leviathan,2020-06-23 21:28:35,@UFDisciple I had the same issue with MSFT saying I violated ToS of Live account losing all my digital games video… https://t.co/PqnlyoS721
196,permabear_uk,2020-06-23 21:28:12,$MSFT climbed for the 15th day of 20 breaking a new historic high of $203.95 settling +0.7% to $201.91.… https://t.co/WBCU82SpRZ
197,musicnews360,2020-06-23 21:27:51,Bob Kroll: Floyd video did 'look and sound ... $AAPL $AMZN $BTC $ETH $FB $GOOG $MSFT $QQQ $SPY $TSLA #cnbc… https://t.co/5QiiJSXGwt
198,synch_or_swim,2020-06-23 21:27:41,@adhall_msft You don’t know what warm is. My pool hit 37c today
199,Outlook,2020-06-23 21:26:49,@iuliangulea Thank you for clarifying. You can learn how to update your Outlook here: https://t.co/kRXJAdw6qD
200,MicrosoftStream,2020-06-23 21:25:00,@steskalj Hi there John! There's an idea to have this available in the future that we'd like you to upvote and com… https://t.co/I5xNgvGdRJ
201,lightweight,2020-06-23 21:24:52,@sjvn @ZDNet @Microsoft @Apple I feel desperately sad for the billions of poor naïve people whose digital existenc… https://t.co/YEnNulpn7Q
202,ScorpionsInvest,2020-06-23 21:23:49,What’s your current favorite sector?$INSG $DLOC $FIVG $ROKU $SHOP $ZM $AAPL $MSFT $MARK $GNUS $NKLA $TSLA $ADOM $SHLL $KTOV $BIOC $VBIV
203,runclepennybags,2020-06-23 21:23:34,@Sturgeons_Law @MSFT__Incel Man that's kind of grim
204,Yammer,2020-06-23 21:22:35,Helen Behm HR Manager of Spinnaker Software writes about working with Microsoft MVP @tracyvds to lead a digital l… https://t.co/f60csVGc8z
205,MinteractApp,2020-06-23 21:20:01,Tuesday's Top Flow in #technology sector Buy Flow &amp; Sell Flow $AAPL $FB $CSCO $INTC $GOOG $AMAT $QCOM $CRM $TXN… https://t.co/CIM5YaIbML
206,Sturgeons_Law,2020-06-23 21:19:10,@MSFT__Incel Some polling I've seen suggests most people know Biden is in cognitive decline and most of the non-Rep… https://t.co/mQ0STLciTK
207,silverlining427,2020-06-23 21:16:00,Does anyone think that the FAANG stocks are eerily similar to the 2000 Fantastic Four? EMCCSCOMSFT and DELL.… https://t.co/QcJyOxBB6h
208,msft4startups,2020-06-23 21:15:00,Are you a workplace diversity champion? @2point19’s Champion Award nominations are open. Thousands of female profes… https://t.co/UmknS17Dqg
209,msPartner,2020-06-23 21:15:00,Join us for #MSInspire a global digital event of learning and networking with your #MSPartner community.Register… https://t.co/8KJ2EPwTmQ
210,celebrityserb,2020-06-23 21:14:27,$AAPL Everybody prefer Apple over $MSFT these days. And that Reptilian who wants to charge for Fake Vaccine Prison 2020 🤫💹💵
211,musicnews360,2020-06-23 21:13:54,Protesters fail to bring down Andrew Jackson ... $AAPL $AMZN $BTC $ETH $FB $GOOG $MSFT $QQQ $SPY $TSLA #cnbc… https://t.co/dshFgbv7k3
212,MinteractApp,2020-06-23 21:13:22,Tuesday's Top Flow in S&amp;P 500 #SP500 Buy Flow and Sell Flow $AMZN $AAPL $NFLX $NEM $CSCO $INTC $GOOG $CMCSA $HD… https://t.co/zC5rgkLCPy
213,JohnMarlin_MSFT,2020-06-23 21:12:42,@waltshaub @compuguy Well where else do you think he can do it?  He keeps losing his properties to foreclosures.
214,tq_equities,2020-06-23 21:12:38,$MSFT climbs to highest close  ever: https://t.co/CkU6KH9cOsSentiment: Neutral #MSFT #Microsoft
215,MSFT__Incel,2020-06-23 21:11:38,@BronStunna @Sturgeons_Law Biden has been very smart to essentially not campaign and let Trump drum up lib turnout… https://t.co/zlSd5bNn7a
216,TEEELAZER,2020-06-23 21:10:54,@DeItaOne Bullard needs more Bumbaclaat’s to sell his bubble baskets too $twlo $shop $coup $aapl $amzn $nflx $fb… https://t.co/iy3J4wnjVa
217,asubmani,2020-06-23 21:10:03,@iamsid100 @vivekagnihotri None of them are original. They are copies of existing models. I don't see anything riva… https://t.co/o6gYsMobqB
218,MinteractApp,2020-06-23 21:09:38,Tuesday's Top Flow in #NASDAQ #NASDAQ100 Buy Flow and Sell Flow $AMZN $AAPL $NFLX $CSCO $INTC $GOOG $CMCSA $AMAT… https://t.co/ELxW13GuTh
219,realcommonking,2020-06-23 21:09:29,@RadixMalorumEstCupiditas making 300% on a fatty FSLY slug and riding behemoth PYPL MSFT positions 😅
220,BronStunna,2020-06-23 21:09:23,@MSFT__Incel @Sturgeons_Law I was expecting slam dunk bullet points but they're so mild lol
221,wallstsolver,2020-06-23 21:09:05,😎 Most Popular Stocks 😎🥇https://t.co/YJ0zftNqcc Inc.$AMZN » 2764.41 🔼50.59▪️️1.86%🥈Apple Inc.$AAPL » 366.53 🔼7.… https://t.co/mKf5nWr0pI
222,Outlook,2020-06-23 21:08:58,@helgztech Hi Helen we appreciate your question! To scan through your Inbox more quickly you may want to enlarge… https://t.co/LEm0Ojd4xj
223,surface,2020-06-23 21:08:52,@joshuatan87 Hi there. You can learn more about connecting your Surface to a monitor here: https://t.co/77G8Kr4Xgp
224,TheBlackRoomBoy,2020-06-23 21:08:48,@iBluestone @MSFSofficial Lemme know if you want that discount on Flight Sim. Ill add you to my friends / fam list at MSFT
225,MSFT__Incel,2020-06-23 21:08:22,@cityafreaks @Sturgeons_Law if biden wins it's going to be almost solely because he isn't anywhere near as hated as hillary clinton
226,MSFT__Incel,2020-06-23 21:07:49,@Sturgeons_Law this is really all they got
227,BobBrinker,2020-06-23 21:06:49,$MSFT is the most obvious cloud player for $VMW with their cash and enterprise biz.but i am just not sure they ne… https://t.co/nR5V9tbRUm
228,MinteractApp,2020-06-23 21:06:45,Tuesday's Top Flow in #StockMarket Buy Flow and Sell Flow $AMZN $VCIT $AAPL $FB $QQQ $NFLX $NEM $SCHP $CSCO $INTC… https://t.co/iGNVM3IC4f
229,sayem_msft,2020-06-23 21:05:25,@GuestJaen @windowscentral I love windows 10 so much🙄...why should i move to mac?I want windows 10 design consist… https://t.co/7djUEtrATh
230,JohnMarlin_MSFT,2020-06-23 21:03:36,@cjrmurphy1 @thehill And EU doesn't want Americans coming over right now.  It's a sad time right now here in USA.#TrumpIsALaughingStock
231,IOInvestors,2020-06-23 21:02:10,During trading Tuesday 104 stocks traded to a 52-week high while 3 stocks bottomed out at new 52-week lows.… https://t.co/uihlah22BK
232,musicnews360,2020-06-23 21:01:34,Ex-CEO of Wirecard arrested in case over missing ... $AAPL $AMZN $BTC $ETH $FB $GOOG $MSFT $QQQ $SPY $TSLA #cnbc… https://t.co/DvP9uHcYPD
233,Mirazon,2020-06-23 21:01:00,PowerPoint 2016 and 2019 cheat sheet https://t.co/Vg3YqmBvgZ via @computerworld #msft
234,MParekh,2020-06-23 21:00:51,Case study: $MSFT $AMZN https://t.co/DqJrYzWxJi via @Verge
235,MPNCanada,2020-06-23 21:00:02,Join our Cloud Native Community!  Now live. https://t.co/mKjHDkgyQB. #MSPartner https://t.co/eww5wTTwOn
236,MicrosoftEduCA,2020-06-23 21:00:01,📣 Educators across the country have had to quickly pivot to a new remote classroom reality. Join us for this series… https://t.co/1ZqAuBMqhg
237,msftsecurity,2020-06-23 21:00:01,Learn how to create a sustainable security program. One #CISO shares his thoughts: https://t.co/IWr1PZ7Njx
238,Microsoft365,2020-06-23 21:00:00,Use live captions in your @MicrosoftTeams meetings to capture what’s said in real-time. Learn more: https://t.co/x0LExtHSC5
239,MSdevIRL,2020-06-23 21:00:00,#DotNET with Scott Hunter Part 2 https://t.co/ZTgBaAAn3e via @ch9 #MSDevIRL #Azure #Developers
240,MicrosoftATL,2020-06-23 21:00:00,We asked our GLEAM SE team what Inclusive Pride means to them. Here's what Justin Jackson Community Development… https://t.co/iemhUuFSbz
241,MCapital77,2020-06-23 20:57:48,@thebrandindex HOW DARE YOU SIR. MSFT does not belong on that list IMO.
242,AllMoneyln,2020-06-23 20:56:44,$WORK looking like it wants to test ATH what are your thoughts?$ES $SPX $AAPL $AMZN $BA $FB $GOOGL $NFLX $NVDA… https://t.co/DBM3dmCwOq
243,WindowsDocs,2020-06-23 20:56:11,Did you know that Windows Terminal now has a color picker for tabs *and* you can customize tab titles? Crazy cool.… https://t.co/Yd9Xza8Z9a
244,stockMarketTrdg,2020-06-23 20:55:42,Are you making money #trading options?👉https://t.co/ysXQzdPpw0👈#stockOptions #stockOption #callOption… https://t.co/amH2kjEJW9
245,TDANetwork,2020-06-23 20:55:00,🔔 NEXT: #MarketOvertime with @NPetallides🔸 @ShawnCruz_TDA: New all-time highs for $NDX $AAPL $AMZN $FB $NFLX… https://t.co/pA6uzRsDEo
246,stock_optionss,2020-06-23 20:54:58,wow $AMZN multibagger 2k profits on each call$NFLX $BA $ES_F $SPY $SPX $NQ $INO $AAPL $HD $MSFT $LLY $ROKU $AMZN… https://t.co/kuzk3CyYQp
247,CHudCardenas,2020-06-23 20:54:54,$3 billion into sustainability across AMZN + MSFT 😀https://t.co/lmQOPJck01
248,zySmith8,2020-06-23 20:54:44,@jimkingnz FB market cap 690 billion. MSFT AAPL 1.5 trillion.Internal target is to cross. trillion. So enjoy be in it.
249,Outlook,2020-06-23 20:54:05,@LSpeenhoff Thank you for reaching out Laurens. You can learn more about how to get a personalized email address h… https://t.co/DeMiJ96tO8
250,stock_optionss,2020-06-23 20:53:36,wow $AMZN multibagger $AAPL went from 4 to $9.7wowwwwwwww Boooooom nice call room is on fire$NFLX $BA $ES_F… https://t.co/YeWGoklncf
251,LCUK_Ltd,2020-06-23 20:53:21,@adhall_msft 26c in Berkshire UK today just down the road from Microsoft UK HQ. 😎
252,breadboxalerts,2020-06-23 20:53:16,Day In Review - 6/23Just one week left to get 25% off your 1st month don't miss out! https://t.co/6ApU6Begvi… https://t.co/3Q7h9Ct3y0
253,askprofprofit,2020-06-23 20:52:13,🗓 $DJIA $SPY $NFLX $AMZN $MSFT Here's what happened to the stock market on Tuesday https://t.co/d3N4Tw5rcH https://t.co/rvRWZqH8ig
254,JasonMA_MSFT,2020-06-23 20:52:13,I remember seeing people there with Revenge of the Jedi T-shirts that were put out before they changed the name.  B… https://t.co/TvA2vuMhbI
255,dotnet,2020-06-23 20:52:02,✅ Create and publish a simple .NET Core app✅ Create and configure a Dockerfile for .NET Core✅ Build a Docker imag… https://t.co/VZP1hlhsLj
256,HamsterRj,2020-06-23 20:52:00,$MSFT - Microsoft: These 4 Key Financial Metrics Suggest A Strong Buy. https://t.co/hrhldEARwB
257,416ash,2020-06-23 20:50:56,I hope it doesn’t effect the #JEDI contract. $MSFT $AMZN 🇺🇸 https://t.co/0LqsaeKDO7
258,adhall_msft,2020-06-23 20:50:06,Warm out today 🌞 https://t.co/fquhiXD5xJ
259,BVRlive,2020-06-23 20:49:11,@weswilson As an Ex MSFT employee I know this pain all too well. When I was recruited I was told I was going to be… https://t.co/nYnzVJS3sN
260,_NataliePoole_,2020-06-23 20:47:33,Microsoft president Brad Smith slams Trump's order suspending work visas: 'Now is not the time to cut our nation of… https://t.co/xUhUIc7jIB
261,nuclearpolice,2020-06-23 20:47:05,We’ve added a new playlist to our YouTube channel. If you missed our Fitness Focus At Home event today you’ll find… https://t.co/dlZCDKfN74
262,howardhlee,2020-06-23 20:46:19,Levered #HedgeFunds gorging on $SHOP not fond of this call? $AAPL $MSFT $LRCX $ADBE neither? https://t.co/TP9jBVSP0v
263,DaveyDigest,2020-06-23 20:45:57,@CheddarFlow $AAPL and $MSFT been on here like 2 weeks straight
264,YCalenge,2020-06-23 20:45:35,I just had a look at a $MSFT chart... https://t.co/Z8pk1f74ws
265,WindosNZ,2020-06-23 20:45:33,@Steve_MSFT @AzureFunctions Woah woah woah the awesomeness of #PS7Now aside... I could have sworn it wasn't poss… https://t.co/7kunWBsa0V
266,LimitlessT1,2020-06-23 20:45:31,@realNumberjack I missed that msft move this week...
267,_____Tasia_____,2020-06-23 20:45:09,$MSFT Shooting star https://t.co/HsygDJSqRv
268,madgicalmystery,2020-06-23 20:44:51,@film_girl @ibogost i love how honest @film_girl is. It's completely refreshing from a Msft employee. 😀
269,androsForm,2020-06-23 20:44:39,Top Sell Flow Money - 06.23.2020 - $MSFT $FNDX $DOCU $SCHR via Super Stocks App https://t.co/svdSYA5jJq
270,DamirDM,2020-06-23 20:44:18,@cinnamon_msft Purrrttyyyy. I like the wallpapers. And everything else also! 😅
271,OlympiaReport,2020-06-23 20:44:06,Short Interest in Microsoft Co. $MSFT Drops By 7.7% https://t.co/uOod7GjUCK
272,realNumberjack,2020-06-23 20:43:42,@LimitlessT1 I made 2.8 at 242 break they only maxed at like 3.4 over 245. MSFT 200C way better yesterday .80 —&gt; 4.80 today!!
273,CheddarFlow,2020-06-23 20:43:38,Some top bullish flow we caught today$AAPL $NKLA $FB $MSFT $INO #stocks #options #optionsflow https://t.co/ON5IuOmXaG
274,musicnews360,2020-06-23 20:42:38,US nurses at for-profit hospital chain to strike ... $AAPL $AMZN $BTC $ETH $FB $GOOG $MSFT $QQQ $SPY $TSLA #cnbc… https://t.co/eC3v6b7eoA
275,Outlook,2020-06-23 20:42:11,@abjcsu Thank you for your feedback Abby. You can learn more and adjust your junk filter here: https://t.co/mn8Y0EDeAa
276,nargis007,2020-06-23 20:41:36,$ES_F rejecting the resistance zone but still above 10D. #chopfest still on but $QQQ 250 done so that may give a cl… https://t.co/QNXrqS5TwO
277,bluebeard,2020-06-23 20:41:31,@BullishBearz You could have bought one more share of $MSFT     which would have been a much better investment.   Imo
278,ccwu,2020-06-23 20:40:28,@stevesi That is backward compatibility support!  I think MacOS X removed USB floppy support a few releases ago. Am… https://t.co/xab8DBqKhv
279,SpartanTrading,2020-06-23 20:39:54,Solid day! Love the range and volt to the upside and down intraday. Glad to see members take advantage and switch w… https://t.co/H23Xv1V7OB
280,OddStockTrader,2020-06-23 20:39:06,6 Years Left $MSFT at $200 Today. https://t.co/XGzgsTVoM6
281,VisualStudio,2020-06-23 20:38:26,@manumagalhaes We’d love to hear from you! Please share your experience with the Social Media Team by clicking the… https://t.co/sAAw3MZKgQ
282,AnalystMarketer,2020-06-23 20:38:25,$BIDU $SAVE $WORK $T $AAPL $C $MSFT $XLF $SPY $FB $CHWY $PTON $DIS $F $ADBE $CSCO $JPM $CCL $MGM $IWM $HD $V $TWTR… https://t.co/PR0eMmV4ow
283,insecdeveloper,2020-06-23 20:38:06,@ARealSamurai @chriscwoodward On C# 9... I just like the features :) Actually the language itself and the direction… https://t.co/9by0yGO7GG
284,tsunamimusicx,2020-06-23 20:37:55,@HontisMusic @msft_fml i like to use beyond stoked
285,Outlook,2020-06-23 20:37:36,@louisviuttondon Hi there great question. You can learn how to like an email here: https://t.co/SBrFxtjvJ0
286,XMCapitalGroup,2020-06-23 20:37:35,Stocks have run too far too fast and need to consolidate. Negative US Covid news means there’s little upside left… https://t.co/kSaowS9QEi
287,airercode500,2020-06-23 20:37:28,@cinnamon_msft B E A U T I F U L 🌈
288,lionofwst,2020-06-23 20:37:21,$SSFT This is one of the best stocks to own for the future https://t.co/iuHnlYCz04 Sonasoft has partnerships with G… https://t.co/EtW4ZSuVeM
289,sonofabeach56,2020-06-23 20:37:19,as leadership breadth dwindles looks like markets r about ready to take a breather. divergent overbought channel o… https://t.co/Ai2Qep67Oo
290,MSFT__Incel,2020-06-23 20:37:10,@BLACKMESSlAH MSFT__incel is #RidinWithBiden
291,chamath,2020-06-23 20:35:41,@GrowthInvestor1 @TSOH_Investing it compares downloads vs dau (msft) vs consecutive users (slack)...not useful.
292,HontisMusic,2020-06-23 20:34:46,@msft_fml I'm very guilty of using beyond excited
293,PekJorkins,2020-06-23 20:34:45,@MSFT__Incel It’s especially galling they took down the live show because that bit is explicitly saying “this is ho… https://t.co/ETfqLHEGd2
294,MaisaCorp,2020-06-23 20:34:26,$DELL VMware has a strong position in the market for hybrid cloud where large companies mix public cloud service… https://t.co/96qQ6PL2vD
295,jjjinvesting,2020-06-23 20:34:25,Long-term #options I like for my #AIM investing method  - $T $MSFT $KMI $IBM $KMI $JD $FB $AMZN $BABA $MU… https://t.co/aWpEskvGdk
296,Outlook,2020-06-23 20:34:01,@MrsCL4 Hi Beth thank you for your question. Are you looking to change the background of an email or your Outlook… https://t.co/V29QI8aOu4
297,SilbergleitJr,2020-06-23 20:33:24,Who is ready for end of Q2 rebalance?Wells Fargo estimates the rebalance into bonds could be the largest in 6 ye… https://t.co/mom7as2MhO
298,MSFT__Incel,2020-06-23 20:32:22,@PekJorkins it is the peak of the live eps. also no one can explain the difference in good/bad taste between RDJ in… https://t.co/low3dXYFZN
299,PeterTrader99,2020-06-23 20:31:39,Green day locking profits on $GOOGL $MSFT $PYPL $JPMGave back some new positions on $xxxx $yyyy $zzzz but still g… https://t.co/9AQc5XwjQb
300,anthonydavian,2020-06-23 20:31:35,#Microsoft starting to incorporate #Bloomberg like functions into #excel. Announcing STOCKHISTORY - #Microsoft365… https://t.co/c9pjOM120O
301,protechcloud,2020-06-23 20:31:02,Azure Synapse provides a breathtaking view of your data across data warehouses and big data analytics systems. Bri… https://t.co/qQMfnoj2Cw
302,PekJorkins,2020-06-23 20:30:53,@MSFT__Incel The Jon Hamm “BANJO” line is one of the funniest moments in the history of entertainment
303,koreanjewcrypto,2020-06-23 20:30:11,“U gonna take this chip and U gonna like it too!” - Billy Gates $msft #ath 👀 https://t.co/3BqlpW79wh https://t.co/DNjEeNz8vs
304,MicrosoftEDU,2020-06-23 20:30:03,It’s never been more important to recognize and support the needs of a diverse set of learners. Check out these res… https://t.co/mfV1cEScAb
305,surface,2020-06-23 20:28:24,@caity_acnh Hi there. Have you checked out Autodesk SketchBook? https://t.co/5kUkTyOVVN
306,MSFT__Incel,2020-06-23 20:27:54,imagine getting offended by any of this. sickening country. tina fey why have you done this. https://t.co/wcQi3ID1oH
307,musicnews360,2020-06-23 20:27:02,The University of Cincinnati will remove Marge ... $AAPL $AMZN $BTC $ETH $FB $GOOG $MSFT $QQQ $SPY $TSLA #cnbc… https://t.co/EEX8yYc92x
308,MSPowerBI,2020-06-23 20:25:00,@ratneshpandit1 Hi there Ratnesh.You're welcome to download the newest one right here: https://t.co/nN3h5W4Y4k.… https://t.co/WolRx4p2X4
309,sdempsey,2020-06-23 20:24:23,@klillington I still find windows to be a bit unstable and clunky but MSFT are innovating and taking risks. Apple h… https://t.co/XGgO6J7caG
310,dailycandlestix,2020-06-23 20:21:15,$MSFT Major BreakoutDaily appearances since 2010: 66Close 5 days later ±:Avg: 0.64SD: 2.42Worst: -4.80Best: 1… https://t.co/cnp5RdwPJd
311,dailycandlestix,2020-06-23 20:21:14,$MSFT Minor BreakoutDaily appearances since 2010: 90Close 5 days later ±:Avg: 0.34SD: 2.36Worst: -5.62Best: 1… https://t.co/P5nFnPTxpx
312,BrianBTrading,2020-06-23 20:20:53,@MoneyJrod @awesomepersona2 While I agree in concept most car companies are offering 0% APR financing these days.… https://t.co/tYtnLplskN
313,Outlook,2020-06-23 20:20:00,Create events within #Outlook in a few clicks. Add a @MicrosoftTeams meeting send invites and more all from one a… https://t.co/XQxZPtET9j
314,MS_ITProCA,2020-06-23 20:19:01,Learn how to maximize your savings and reduce your cloud spend with Azure Hybrid Benefits and Azure Reserved Instan… https://t.co/j8g7yDzrXN
315,AnalystMarketer,2020-06-23 20:18:30,$AAPL &amp; $INO$CLDR $NOK $ABEV $ZNGA $SAVE $MGM $C $ET $PBR $SNAP $XOM $LUV $MSFT $ITUB $BBD $HAL $INTC $SIRI $KEY… https://t.co/TuuilRnn6F
316,TweetsMillenia,2020-06-23 20:18:06,Facebook Apple Amazon Microsoft Google Netflix insiders are without any doubt the smartest in town.They’ve be… https://t.co/1Yn0VcMzw3
317,DejaBrewTrades,2020-06-23 20:17:53,Great trading day today. Here’s our trades. Today’s Gains: 🤑$INO +264% in 0.70 out 2.55 (it ran to 7.00+ 😰)… https://t.co/gaBlYmFQE1
318,VisualStudio,2020-06-23 20:17:24,@b_pratip Our apologies for the inconvenience Pratip. Are you currently working on the latest VS version:… https://t.co/BgTb8f7fGD
319,rvnti1,2020-06-23 20:16:45,@msft_fml Lmaooo wtf I thought its just me ...smh and I be tweaking over it 😂
320,TheBurdetteLawF,2020-06-23 20:16:36,Most active Tuesday - $AAL $INO $GNUS $IDEX $F $NIO $PLUG $GE $UAL $NCLH $AAPL $BA $AMD $LK $BAC $WFC $FSLY $FFHL… https://t.co/UhK4KsQfmc
321,satoritrade,2020-06-23 20:16:05,Look at the big green boxes !Another strong day for #FAAMG stocks $FB $AAPL $AMZN $MSFT $GOOGL Mostly green day… https://t.co/Z9u5padRg3
322,toddkitta,2020-06-23 20:15:57,@JasonMA_MSFT What a thoughtful gift. Very cool. RotJ is the first movie I recall seeing in the theater.
323,stocktwits12,2020-06-23 20:15:45,$HTZ $MSFT $SQ $DAL $BAC $NOK $AAPL $GME $BA $AMD $INTC $JNJ $MGM $SBUX $SPY $NFLX $FB $COST $MIST $AMZN $INUV $GPS… https://t.co/QUeLLE0qjR
324,eagle01240,2020-06-23 20:15:27,@unseen1_unseen Careful NASDAQ being led by the anti-Trump FANG stocks plus MSFT. This could be a mixed message taking place.
325,IMTrading_,2020-06-23 20:15:24,How did you do today? $SPY $MSFT $GOOG $AAPL $AMD $JETS
326,jarzt,2020-06-23 20:15:22,@bclund yes rest is needed for many of the QQQ big boys..msft nflx sq pypl aapl fb amzn splk crm ttd shop nvda
327,FinInvTr,2020-06-23 20:15:06,Is The Stock Market Overvalued?$JNJ $PG $DIS $T $BAC $XOM $AAPL $GOOG $NVDA $AMD $FB $AMZN $NFLX $MSFThttps://t.co/p3J5j13c9B
328,Creemer14,2020-06-23 20:15:05,Big Cap Tech new all time highs multiple run rates update $aapl  372.38   4 qtr earnings   12.76    29 multiple… https://t.co/jmmJNGtkH4
329,ThatsJustTay,2020-06-23 20:14:47,Day 2 📈AAPL +$700MSFT +$520FB +$200SHIP +$200= +$1620/dayTough challenge 😅 Still holding more strong positions
330,DrDavidKass,2020-06-23 20:14:17,Apple Microsoft Amazon Facebook and Netflix all-time intra-day highs. #AAPL $MSFT $AMZN $FB $NFLX
331,sayem_msft,2020-06-23 20:14:11,@GHotshot1995 @JenMsft Where to download?
332,MSFTnieuws,2020-06-23 20:13:29,MSFT nieuws | Microsoft updates its Skype clients for Windows 10 https://t.co/ZF2VhGl7VT
333,musicnews360,2020-06-23 20:13:27,Florida Man spits on face of Gay Bartender after ... $AAPL $AMZN $BTC $ETH $FB $GOOG $MSFT $QQQ $SPY $TSLA #cnbc… https://t.co/rycQxkUVgW
334,tpetruno,2020-06-23 20:12:58,Stocks sold off late in the session but major indexes held onto modest gains.Dow ends +131 +0.5% to 26156. S&amp;P… https://t.co/k3oboixayC
335,BlnaryMlke,2020-06-23 20:12:41,@tombuildsstuff @jen20 @jchannon one would expect any apps apple has running from MSFT are also available on windows !?
336,JasonMA_MSFT,2020-06-23 20:11:36,I was 10 years-old beyond excited to see #ReturnOfTheJedi on opening night.  Imagine my surprise when my daughter… https://t.co/nQi4htKW2z
337,aaronbasile,2020-06-23 20:11:13,Topping tails in tech. Feeling really good about my $NFLX puts for tomorrow. $AAPL $MSFT https://t.co/E6AR7Pc4wh
338,AzureDevOps,2020-06-23 20:10:00,@lukepooped Thanks for reaching out Luke! Are you perhaps referring to a request similar to this one:… https://t.co/9pSwoM9JNV
339,AnalystMarketer,2020-06-23 20:08:42,$HTZ $MSFT $SQ $DAL $BAC $NOK $AAPL $GME $BA $AMD $INTC $JNJ $MGM $SBUX $SPY $NFLX $FB $COST $MIST $AMZN $INUV $GPS… https://t.co/J7eTvWZUfI
340,GraysonRoze,2020-06-23 20:08:33,New 52-week highs in the S&amp;P 1500:43$AAPL$ADBE$ADSK$ALRM$AMZN$ATVI$CDNS$CLGX$CORT$EA$ETSY$FB$HOLX… https://t.co/7PE7H6k313
341,msonenote,2020-06-23 20:07:53,@hatsager Hi there. Maybe we can help! You can learn more about OneNote templates here at the following links!… https://t.co/fFHr5qOUB1
342,TackleTrading,2020-06-23 20:07:47,Around two dozen $SPX #stocks put in new 52 week highs Tuesday. Largest by marketcap include $AAPL $MSFT $AMZN $FB… https://t.co/NUEhMqEAoy
343,aaaamhim,2020-06-23 20:05:49,$CBL OVERSOLD BOUNCING AFTERHOURS! 💸📈 $AAPL $AMD $AMRN $AAL $BAC $AMZN $MSFT $BA $ABT $TSLA $X $NVDA $GE $DIS $CCL… https://t.co/jkPtdvATuF
344,thedegentrader,2020-06-23 20:05:32,My $MSFT puts finally gained some ground. Really would like $185-$195 pullback. $197.50 more likely if we have a re… https://t.co/5sSRADm8g2
345,thedegentrader,2020-06-23 20:05:31,Much better today from both realized and unrealized p/l. Up 36% on my $FB $TRIP $NKLA and $APT calls. Took profi… https://t.co/wO2oCuxjbI
346,OptionBullsLLC,2020-06-23 20:05:12,What a CRAZY day. #HIGHLIGHTS $AMZN 6.25 ➡️ 12.90 (swing)$SPOT 1.75 ➡️ 4.05 $CGC .17 ➡️ .62 $TLRY .26 ➡️ .38… https://t.co/gU66MOU6B6
347,aaaamhim,2020-06-23 20:05:08,$CBL OVERSOLD BOUNCING AFTERHOURS! 💸📈 $RDUS $UTHR $PTLA $ALDR $OPK $GLPG $ARWR $ONCS $MTEM $SGYP $NEPT $ASMB $JNJ… https://t.co/27Wn6dB9iJ
348,StockMKTNewz,2020-06-23 20:05:07,Top 15 stocks added by Robinhood users today (# of users holding)1 Kitov $KTOV2 Apple $AAPL3 Amazon $AMZN4 Sea… https://t.co/gztKHZrONg
349,WindowsDocs,2020-06-23 20:05:06,Terminal Preview v1.1 features are now available! Rename a tab and give it a color (tips &amp; tricks)! Launch on start… https://t.co/760ktdbBcT
350,msonenote,2020-06-23 20:05:00,Learn something new with our #Microsoft Learning Tools for #OneNote. Discover how to use Immersive Reader and more:https://t.co/HGxyR350ib
351,FlamingoCharts,2020-06-23 20:04:37,$180 in loss. First red day in 3 weeks :( Nice early profits on $ROKU $MSFT and $TSLA Loss trades on $FB and $BA… https://t.co/Svp6zPRmgT
352,BagholderSecur1,2020-06-23 20:03:50,Holding BA BYND and MSFT calls for tomorrow.
353,chokethehippo,2020-06-23 20:02:15,@penguinmarty @DefNotTheIRS JP Morgan msft  and airlines they will go down a bit more but roi for them will be significant in 1-2 years
354,WindowsDocs,2020-06-23 20:02:06,Terminal Tips &amp; Tricks Tuesday! We’ve got a new Tips &amp; Tricks page – anyone have a fav tip or trick we could includ… https://t.co/G0csYbcs4V
355,gbergfinancial,2020-06-23 20:01:33,An 8th consecutive day higher for the tech heavy NASDAQ as $AAPL $MSFT &amp; $AMZN lead the charge.  S&amp;P 500 +13
356,Windows,2020-06-23 20:01:19,@its_me_axad Have you set your active hours? This should help prevent inconvenient updates: https://t.co/Olhbw6fPSn
357,MSdevIRL,2020-06-23 20:00:03,#Microsoft acquires #CyberX to accelerate and secure customers’ #IoT deployments https://t.co/pSXohpu6FH #MSDevIRL… https://t.co/ir7siYfnOk
358,YHamiltonBlog,2020-06-23 20:00:02,@MinionCapital Agree on TYL. Still think FB is undervalued and MSFT is frothy.
359,TBDFinance,2020-06-23 20:00:02,TBD Tech Top 3 $AAPL:  +2.33% 📈$AMZN:  +1.88% 📈$MSFT:  -0.78% 📉
360,msdevCA,2020-06-23 20:00:00,How do you empower collaboration within your remote #gamedev teams? First create clear and accessible documentatio… https://t.co/1tTbhykTir
361,msexcel,2020-06-23 20:00:00,Announcing STOCKHISTORY the newest member of the #Excel function family. Easily pull historical stock prices into… https://t.co/O2eNXMvkhz
362,HammerstoneMar3,2020-06-23 20:00:00,Top news$AAPL $AMZN $FB $NFLX $AMZN $MSFT $ADBE $NVDA $EA $PYPL 52wk hi$SPOT new ATH on $CMCSA availability$NKE… https://t.co/7JsjtJhNS4
363,MicrosoftTeams,2020-06-23 19:59:51,Explore how leadership at @Jabil is using live events in #MicrosoftTeams to hold weekly Q&amp;A sessions to unify worke… https://t.co/tVESEDEaaA
364,iSteveTalk,2020-06-23 19:59:37,@cinnamon_msft How could you survive that long without them?
365,BearishBullsCEO,2020-06-23 19:59:01,Small wins add up. That’s how I like to trade. No need to hit home runs every day. $100-$300 winners go a long… https://t.co/8jADj1rDGf
366,MicrosoftToDo,2020-06-23 19:58:42,@BJKakkad Hi there. That's a great idea for a future update! We invite you to leave that to the following link for… https://t.co/MGZtqriQ6Z
367,humblestockguy,2020-06-23 19:58:16,The NASDAQ is getting a little tired today.  Many tech names forming bearish candles after a big run. Either we hav… https://t.co/hNc8veCeJS
368,aaaamhim,2020-06-23 19:57:55,$CBL LETS BREAK 65 CENTS AFTERHOURS! $ITOX WILL BREAK 6 CENTS📈💸 $AAPL $AMD $AMRN $AAL $BAC $AMZN $MSFT $BA $ABT… https://t.co/9Ew5STrSwZ
369,musicnews360,2020-06-23 19:55:56,Black Lives Matter forces LGBTQ organization to ... $AAPL $AMZN $BTC $ETH $FB $GOOG $MSFT $QQQ $SPY $TSLA #cnbc… https://t.co/TzDxbwp5f0
370,bullriders1,2020-06-23 19:54:30,$MSFT 202 https://t.co/sUHi5VuEhs
371,ChrisMartinezL,2020-06-23 19:53:25,@chamath @TSOH_Investing Its misleading as Chamath says because a lot of the MSFT Teams installs being counted he… https://t.co/8PmOOmKz7V
372,Njabs_MSFT,2020-06-23 19:52:48,@hle_Repsy @Bohlale_Chiloan My queen 😭😭😭😭😂😂
373,XMCapitalGroup,2020-06-23 19:52:12,$SPX once again rejected at 3130-3150. Small caution flag as tech is very overextended. $AAPL $MSFT $AMZN $GOOG $FB… https://t.co/aTM9jDM4LK
374,Johnny_Hammond,2020-06-23 19:52:02,@Tocelot Still surprising. If you wanna point to network effects how can we ignore msft literally owning a console.
375,SwaggyStocks,2020-06-23 19:51:41,BULLISH SENTIMENT in $MSFT Jul-10 calls at $202.5 strike price. $550K premium paid.
376,Microsoft365,2020-06-23 19:50:27,The way we work and live has changed in a short amount of time. Hear directly from Microsoft CVP Jared Spataro as… https://t.co/mvWyVeKyH9
377,AnalystMarketer,2020-06-23 19:49:45,$INO 💵👌$GOOG $AAPL $SPY $AMZN $TDOC $TSLA $COST $BA $NFLX $NVDA $TWTR $ZM $BABA $FB $DOW $MSFT $ES$QQQ $ATH… https://t.co/0GIQYza06h
378,kleja01,2020-06-23 19:49:44,@NTLiveStream Sven look at the daily candle forming on MSFT.
379,MicrosoftHelps,2020-06-23 19:49:23,@Mashole9 2/3— Can you provide us the screenshot of the error message you’re getting when accessing your account… https://t.co/qPa7EcnbT2
380,Bmenzalji,2020-06-23 19:49:04,@JasonHitchcock nice one on fsly it's been flying.  FB is making moves too esp w/ msft shutting down their gaming… https://t.co/ZO7gmjzc3V
381,Xiaolun_Cheng,2020-06-23 19:49:04,@vastglad this is just very sad. MSFT design never achieves even 50% of its concept..
382,MicrosoftHelps,2020-06-23 19:48:53,@Brock_McHugebig Hi Brock! Thank you for reaching out to us. We understand that you want to know why your order wa… https://t.co/wj6UjE3NNC
383,MikeRigert,2020-06-23 19:48:39,#QQQ #SQQQ #FNGD #AAPL #MSFT #FB #GOOGL #NFLX@BearTrapsReport Significant bearish RSI divergence in the Nasdaq 100 https://t.co/ihfP5Ejo6n
384,mdmcdanel,2020-06-23 19:46:40,While #remotework provides freedom from a physical office many employees now feel tied to their computers because… https://t.co/ZSYHLM47Jp
385,MSFT__Incel,2020-06-23 19:46:32,Tina Fey has no counter for my AI vfx program that digitally alters every episode of 30 rock to put Liz Lemon in blackface
386,zeboul0n,2020-06-23 19:45:16,@adhall_msft Learning by doing. Best school on the planet! 👍🏻😀
387,Windows,2020-06-23 19:45:15,Streamers + musicians + PUBG = a fun way to raise money for charity! Learn more about Gaming to Give Back and hear… https://t.co/TOB9do01wx
388,TheDataPros,2020-06-23 19:45:05,Microsoft Surface Book 3 13.5 review: A bold but ageing beauty -&gt; https://t.co/EtUTZmtJqA #MSFT #Microsoft #Surface… https://t.co/cTTHgoKmjG
389,BERNARDCLAY9,2020-06-23 19:45:01,$cldr $nok $abev $znga $save $mgm $c $coty $et $pbr $snap $xom $luv $msft $itub $bbd $hal $intc… https://t.co/A2uQxdLHD4
390,onedrive,2020-06-23 19:45:00,As the business world shifts to remote work safely sharing and accessing content is increasingly important. Learn… https://t.co/P3QcSi5A5l
391,musicnews360,2020-06-23 19:44:53,2 men arrested in Oregon are accused of killing ... $AAPL $AMZN $BTC $ETH $FB $GOOG $MSFT $QQQ $SPY $TSLA #cnbc… https://t.co/la0vRHeVqs
392,GoldmanSachBOT,2020-06-23 19:40:47,Microsoft Corp. (MSFT) surprised the market with Q3 result. Deutsche bank changed the rating to Hold as Microsoft… https://t.co/O5VAW61D6m
393,adhall_msft,2020-06-23 19:37:30,@zeboul0n I can't unless I use dogfood. I use Outlook for work and I separate home and work life strictly :)
394,msft_d,2020-06-23 19:37:12,Nah fam 4 the max. A nice 7 seater Suburban for all the activities and roadtrips! https://t.co/uKpzECJoKF
395,h2onolan,2020-06-23 19:36:54,NIST and MSFT have stepped back from password expiration- but thats not the whole story. Detecting compromised acco… https://t.co/lLaGkKdnlr
396,adhall_msft,2020-06-23 19:36:31,@dfir_justin oh. now that site had an option I had not tried ... Organize by Thread. I can make it appear/disapper… https://t.co/ocSEEkaAA5
397,MicrosoftStream,2020-06-23 19:33:06,Securely record and personalize videos that include annotations text and emojis directly from your phone with the… https://t.co/jyFiohjqK9
398,ethantrades97,2020-06-23 19:32:09,$KTOV Got that big green bar I was looking for going back up through 15min 200EMA showing a lot of bullishness. We… https://t.co/oLeWaWS4w6
399,TheBurdetteLawF,2020-06-23 19:31:25,The large caps of Tues. trading- $AAPL $AMZN $BA $TSLA $FB $MSFT $BABA $INO $NVDA $AAL $FSLY $ADBE $AMD $NFLX $UAL… https://t.co/cDsmRDEfAf
400,FlamingoCharts,2020-06-23 19:31:23,$MSFT all out at 2.53
401,Azn_CyberSleuth,2020-06-23 19:31:15,$MSFT - Microsoft adds $150M to diversity inclusion investment https://t.co/Q2ee1lfX5R
402,Drugdoctor2014,2020-06-23 19:31:03,$AYTU $1.50 COV19 RAPID TESTS - HUGE Demand as RECORD CASES - CA - FL - TX - Chart curling - massive ACCUM/DIST!… https://t.co/3861aW6OUj
403,dotnet,2020-06-23 19:31:01,What's your cross-platform development solution? #dotNETRocks talks to @knz_whalen about using C# and XAML and de… https://t.co/BLhSk7TTA7
404,bythecharts,2020-06-23 19:30:42,🚽🚽🚽😉 $AAPL $MSFT $QQQWARNED YOU
405,musicnews360,2020-06-23 19:30:35,Angry woman coughed on 1-year-old’s face at C ... $AAPL $AMZN $BTC $ETH $FB $GOOG $MSFT $QQQ $SPY $TSLA #cnbc… https://t.co/3nIF5RiRAp
406,_ubusisiwe,2020-06-23 19:30:20,@Njabs_MSFT lol ? that gent used to finish my food when i was at his house.
407,BullishBearz,2020-06-23 19:30:20,Had to wait today for this $msft $1
408,Abhishe55978686,2020-06-23 19:30:08,@wbayek @NTLiveStream Monthly 5 EMAs: AAPL 317 MSFT 181 AMZN 2395. Note: I have rounded thw numbers
409,OfficeInsider,2020-06-23 19:30:00,#OfficeInsiders on iOS you can now read your documents in Edit mode without fear of making accidental changes. To… https://t.co/ALFO4GPADs
410,wladimirsouza,2020-06-23 19:29:38,@cinnamon_msft I need this setup.
411,Jphillips329,2020-06-23 19:28:51,@StreamHatchet @WatchMixer @FacebookGaming @Kyle__McPherson @Gardenhozer if you were wondering where MSFT the bump came from..
412,zergione,2020-06-23 19:28:24,@cssoz @Wesley_Wenhold @sayem_msft @androidcentral I cannot  commend OnePlus. If i remember correctly it's about le… https://t.co/3mHAuU7ouI
413,SandiFrench1212,2020-06-23 19:28:17,@MSFT_Business @SandiFrench @tiesto @StevieNicks I’m 40! 41 end of July. Yeahhhh
414,Njabs_MSFT,2020-06-23 19:28:14,This is annoying 😂😂😂😂😂 https://t.co/R4hkup6pFZ
415,anaseeen,2020-06-23 19:27:43,@GuestJaen @sayem_msft @windowscentral The days of #hackintosh are numbered because #Apple is moving away from Intel
416,MicrosoftHelps,2020-06-23 19:27:34,@ShpWrkz 2/3-Could you provide a screenshot of the exact message that you’ll get when you sign in to your account… https://t.co/FMMtn5qgAf
417,EliteOptionSwap,2020-06-23 19:27:33,$AMZN - Buy #AlertAMZN July 2480 PUT at 10.50#algotrading #algotrade #eosalgotrade #eosalgotrading $SPX $SPY… https://t.co/AQYLDmH6tG
418,XtradesOfficial,2020-06-23 19:27:25,thanks bro for all the charts and info #BABA #AAPL #NFLX #MSFT #BYND #ROKU https://t.co/65zv8y99IV
419,FlamingoCharts,2020-06-23 19:26:49,$MSFT Out half here at 2.46
420,Spartantrader7,2020-06-23 19:26:49,So are peeps ever going to lock in some gains in $amzn and $aapl?  With Nasdaq up for like the 8th straight day it… https://t.co/5VUqYIPxEP
421,cmendibl3,2020-06-23 19:26:48,The list continues with @oyara @eiximenis @rdiazconcha @jorgefdezsa @dpereirapaz @q3scrum @kastwey @saintwukong… https://t.co/CUIm5w8GvU
422,OfficeSupport,2020-06-23 19:25:24,@withaphsound Please check out the following article to know how our privacy works: https://t.co/0VdPJM87KV. Feel m… https://t.co/lQzQTsJUej
423,arismakesmusic,2020-06-23 19:25:22,@msft_fml @imscotttoddy I wish I was stoked while compiling the set but growth doesn’t want stoked. Growth wants nervousness.
424,ztroth,2020-06-23 19:25:18,Swing ideas $aapl $msft @fb @googl . Do your own DD I’m not a financial advisor
425,georgebaily,2020-06-23 19:25:17,the market cap of $MSFT is larger than the entire US High Yield Market -- @themarketear https://t.co/r8ZgcMp0C3
426,PZ_Solutions,2020-06-23 19:24:50,repost MSFTDynamics365catenarycat How can we help you Ed? For general support we recommend checking forums here an… https://t.co/iuC6ZsVdhq
427,msexcel,2020-06-23 19:24:37,@chrija Hi there no need to wait for likes! You can submit your feedback to the product team here:… https://t.co/TdwJjrIRfu
428,skylanetk,2020-06-23 19:24:36,$MSFT https://t.co/ef9PwRIHmv
429,shoprecord,2020-06-23 19:24:22,@WhiteHouse @POTUS @realDonaldTrump President pls try to not use helicopter that often. It cannot glide and is easy… https://t.co/ZOnZLlkxCK
430,TeaAndTools,2020-06-23 19:24:04,@mikechip73 @MicrosoftTeams You can find some additional keyboard shortcuts available in Teams here: https://t.co/vtu4s5VNn0
431,msft_fml,2020-06-23 19:24:03,@arismakesmusic @imscotttoddy You are
432,JimDBenson,2020-06-23 19:23:26,@LeoTheGreat300 @PuffDragon11 msft 5min looks walking on the diving board
433,ravibrewster,2020-06-23 19:22:30,@jimcramer $WORK is a sleeper.  The chat user experience totally crushes $MSFT Teams in every way.  Very underrated… https://t.co/zpEewTsbhJ
434,arismakesmusic,2020-06-23 19:22:28,@imscotttoddy @msft_fml I used stoked this morning to describe my joy re: playing a burning Blocks 2. I guess I’m in the secret club :)
435,MicrosoftHelps,2020-06-23 19:22:23,@ShrewSynonymous We’d love to hear from you! Please share your experience with the Social Media Team by clicking th… https://t.co/bQQYJWzp6T
436,dfir_justin,2020-06-23 19:22:02,@adhall_msft I have had ghost mailboxes and ended up having to delete a bunch of directories and plist files to ess… https://t.co/PonYlwSlDF
437,Microsoft_GS,2020-06-23 19:22:00,With digital technologies being used for tracking tracing and testing individuals with #COVID19 we need to fight… https://t.co/hkFDkzROHh
438,DivergentVentur,2020-06-23 19:21:42,This just means more liquidity flowing for safe heaven companies like $AAPL and the likes. It will drive indexes hi… https://t.co/aDykTsmRef
439,LAVAoption,2020-06-23 19:21:24,$AAPL $FB $MSFT All up and $AAPL hit my target (372+) today..If my posts were helpful for your education/profits… https://t.co/8FHtlh25LJ
440,dritch,2020-06-23 19:21:05,#WWDC20 what does MacOS on ARM mean for performance of VMs #Docker and even #Windows considering MSFT's current… https://t.co/rnmGif0lKa
441,zeboul0n,2020-06-23 19:20:19,@adhall_msft (yeah I know you have tried as you work at MS.... but still... )
442,EagleEyeSWAT,2020-06-23 19:20:03,It will interest you that using 500000 million (500 billion) market capitalization in the screener results in just… https://t.co/LCtd3JD3cH
443,SamaniEhsan,2020-06-23 19:19:40,@cinnamon_msft Thanks for keeping my firm in business.
444,imscotttoddy,2020-06-23 19:19:05,@msft_fml Stoked to hear it’s not just me
445,zeboul0n,2020-06-23 19:18:57,@adhall_msft Stopped using it 2 years ago. Outlook on iOS is sooo much better. Give it a try and your ghost problem… https://t.co/2Qx0GW2n4v
446,embrace_t_world,2020-06-23 19:17:43,all in $BABA to break new ATH$BA $AAPL $MSFT $AMZN $GOOGL $FB $NVDA $NFLX $JPM $BAC $GS $SPX $NASDAQ #ES_F
447,supert3d1975,2020-06-23 19:17:29,iOS 14: All the New Features! $AAPL $MSFT - Homescreen redesign looks awfully like #Windows #Tiles https://t.co/Xeucp2Zyoh
448,JohnMarlin_MSFT,2020-06-23 19:17:23,@WendySiegelman @voteblueforgood Just another failure by Kushner.  How many is that now?
449,FRCorp,2020-06-23 19:17:06,@Microsoft is one of the biggest #tech companies with a dominant market position in operating systems (80% global s… https://t.co/IkkbwVkWFU
450,TraceyRyniec,2020-06-23 19:16:52,@PerIversen4 You don't have to be rich to own these. You can do the fractional shares and buy a little bit of each… https://t.co/ufqWKpBjNb
451,MicrosoftHelps,2020-06-23 19:16:25,@krishnasuman We’d love to hear from you! Please share your experience with the Social Media Team by clicking the l… https://t.co/jEj6QmyAVM
452,ThatPs5Guy,2020-06-23 19:16:14,@julianlightning @lxMondayxl @XcloudTimdog Also we already saw load time demo on SX from msft and it was not instan… https://t.co/nBqLkAz36t
453,Njabs_MSFT,2020-06-23 19:16:07,@_ubusisiwe Is not finishing your food some sort of love portion trick to make him stay or she's maintaining? Why do you hate food so much
454,TheDataPros,2020-06-23 19:15:05,Microsoft Azure and Johns Hopkins Medicine have partnered to accelerate precision medicine -&gt;… https://t.co/BtyRNelOcx
455,msft4startups,2020-06-23 19:15:01,Discover how startup @Fridai_official collected research to identify video gamer pain-points and successfully launc… https://t.co/VbNhcdYCXq
456,vyrotek,2020-06-23 19:15:01,@cinnamon_msft Loving the new terminal but I've noticed an issue since I've upgraded my PC. When I drag the window… https://t.co/WWJXY64a6d
457,GuyCreal,2020-06-23 19:14:37,$pixy contract news should be out soon and everyone will be chasing this dollars higher. WAY undervalued at $5 imo.… https://t.co/GvTyUC9QOZ
458,davharris,2020-06-23 19:14:35,.@microsoft launches investments in Black- and African American-owned partner businesseshttps://t.co/YvWQ9AKgBb vi @KyleAlspach $MSFT
459,neilcoughlan,2020-06-23 19:14:33,@adhall_msft @Alex_A_Simons @divinetechygirl @ElisOl 100% with you on brainstorming whitboarding - my post it’s are feeling sad and unloved
460,adhall_msft,2020-06-23 19:13:22,Has any had the ghost email problem in the Apple Mail client? Where a deleted or archived mail keeps coming back in… https://t.co/FmNF7yQYuc
461,stevekavdc,2020-06-23 19:09:17,Top 10 stocks with bullish flows: $AAPL $FB $FSLY $ETSY $NVDA $AMZN $BABA $MSFT $AMD $TXN
462,M_Zo_Zo,2020-06-23 19:08:35,@jimcramer Yes thank you Jim for the endless $aapl pump. Not that it's a bad investment. It is now one of the bigg… https://t.co/CZqsSVjRUn
463,rell23505,2020-06-23 19:08:30,@sayem_msft @androidcentral Everything is about perspective
464,Voliik,2020-06-23 19:08:00,@msft_fml that's you man i'm merely an apprentice
465,musicnews360,2020-06-23 19:07:59,Pope Francis accuses priests who defied pandemic ... $AAPL $AMZN $BTC $ETH $FB $GOOG $MSFT $QQQ $SPY $TSLA #cnbc… https://t.co/0s9uMZfIys
466,MicrosoftTeams,2020-06-23 19:07:42,@AirlineFlyer Hi Jason we appreciate the feedback. We encourage you to vote comment and follow the progress of t… https://t.co/HyCcGX9L6p
467,Njabs_MSFT,2020-06-23 19:06:05,Some nurses are incompetent and full of it . I don't know if it's bad luck or what but I always seem to get the wor… https://t.co/rOimIV0hAI
468,MSFTDynamics365,2020-06-23 19:04:01,@catenarycat How can we help you Ed? For general support we recommend checking forums here and reaching out to our… https://t.co/pKT7r20Dw6
469,msaaddev,2020-06-23 19:02:46,I am 14 people short of reaching 100 followers on @github. If you like the work I do or want to see what I am up to… https://t.co/7UYRaI2Gza
470,KimNewsNJ,2020-06-23 19:02:05,Why Fastly Stock Is Rising Today | The Motley Fool$FSLY $ZM $AMZN $AAPL $FB $MSFT $NET https://t.co/Hfz8wNpx8y
471,TheMrDev,2020-06-23 19:02:02,Looking Toppy $MSFT #IrresponsibleFedPolicy Just ask @GuyAdami$DRIP outperformance of $VIX@CNBC $XLB $XLC $XLE… https://t.co/wcWcXtSdtv
472,DejaBrewTrades,2020-06-23 19:01:47,MASSIVE GAINS ON $INO! $AAPL ATH $MSFT ATH $AMZN ATH and more in our live trading Discord. Join me @… https://t.co/3pcDJzVHAq
473,msft_fml,2020-06-23 19:01:38,@Voliik King
474,othersideam,2020-06-23 19:01:16,@DiMartinoBooth This is a doom loop they can’t escape from. Extend extend extend until when?! Until what happens??… https://t.co/2XIaB7IZU0
475,surface,2020-06-23 19:00:42,@jackronlloyd We're sure you will get the hang of it in no time Jack! We recommend checking out Tips in Windows 10… https://t.co/hQRHIvtqgf
476,theoldcfo,2020-06-23 19:00:37,@hmeisler @teasri New Nifty Fifty? FANG MSFT SHOP BABA AMZN REGNCOST etc?
477,TBDFinance,2020-06-23 19:00:07,TBD Tech Top 3 $AAPL:  +2.85% 📈$AMZN:  +2.27% 📈$MSFT:  +1.03% 📈
478,dennisguzy,2020-06-23 19:00:05,Learn how we’ve modernized our finance audits with Azure #DevOps  and the impact that it’s having:… https://t.co/NWKZ7f6T4Q
479,msft_nick,2020-06-23 19:00:03,5 Things Strong Leaders Do https://t.co/ZNZQQyL6WG #MSFTAdvocate
480,msft_fml,2020-06-23 19:00:03,@skysuitewubs In the top 3 too
481,trader_blitz,2020-06-23 19:00:01,Microsoft | $MSFTMSFT - swing puts - 7/2 expiry 200 strikeLong or short it with BTC on Trade8:… https://t.co/BdhQdyfEcz
482,SharePoint,2020-06-23 19:00:01,Mark your calendar for June 30! Webinar (9-10 AM PT) + AMA (10-11 AM PT): Empower your remote workforce with data s… https://t.co/twCcPCkTfx
483,MicrosoftSearch,2020-06-23 19:00:01,Learn about new capabilities coming to the #MicrosoftGraph. https://t.co/hpJFFBt9rV https://t.co/WqY281yPlN
484,MSdevIRL,2020-06-23 19:00:00,Rapid recovery planning for #IT service providers https://t.co/jfHtEIJRTp #MSDevIRL #Azure #Developers
485,MaxRovensky,2020-06-23 18:59:48,@emmetgibney @IndieHackers That's the case I don't support. Market was already there and MSFT played shady to get c… https://t.co/76VA6mQMIw
486,GuestJaen,2020-06-23 18:59:12,@sayem_msft @windowscentral Then switch another operating system with what fits with your tastes If you like the s… https://t.co/VNaiRGRcl2
487,msft_fml,2020-06-23 18:59:07,@eradikid LMAO SAME
488,TheProper5,2020-06-23 18:57:41,@nntaleb Have you assessed the cryptocurrency $LINK.  in terms of skin-in-the-game it is intertwined and operati… https://t.co/0PIkoLmaC5
489,InfluxUnlmtd,2020-06-23 18:57:19,Those MSFT rollups in the 200s just gave us an extra idkk 50% on top of the 100% we racked in previous.. good with that.
490,skysuitewubs,2020-06-23 18:57:08,@msft_fml What about referring to people as “my g”
491,KimNewsNJ,2020-06-23 18:56:40,$FSLY Fastly surpasses Zoom as the best-performing work-from-home stock | Markets Insider $FSTLY $ZM $FB $NVDA… https://t.co/HaHXZBrWGV
492,LaMonicaBuzz,2020-06-23 18:55:49,$6.2 trillion. That is now the combined market value of $AAPL $MSFT $AMZN $GOOGL and $FB. Record highs today for Ap… https://t.co/PYen7MOkE3
493,KevinMulhall,2020-06-23 18:55:43,@dcominottim It's what comes of trying not to offend anybody including  legacy users and multiple UI factions insid… https://t.co/DeiyW4OqLS
494,FinancialTakes,2020-06-23 18:54:47,$MSFT shutting down Mixer so bullish $AMZN Twitch. Own them both heavily but quite a bit more AMZN.. Twitch is wil… https://t.co/x5p51wwwu7
495,eradikid,2020-06-23 18:54:26,@msft_fml I been using this word before even knowing its meaning 💀
496,Investidea1,2020-06-23 18:54:13,2020 $ARGGY Aston Martin $AML Vantage Coupe Is More Than Just a Beauty It's an All-Around Charmer… https://t.co/qSf1uSRccR
497,surface,2020-06-23 18:52:21,@foreverfocusnyc Hi there. 😊 Check out our education discount here and let us know if you have any more questions! https://t.co/BHhrPjly9V
498,FusionptCapital,2020-06-23 18:52:07,$MSFT bouncing off the 300 day moving average just like all the textbooks say 🤪📚 https://t.co/TgPHI5v4Pu
499,SwaggyStocks,2020-06-23 18:51:12,BEARISH SENTIMENT in $MSFT Dec-18 puts at $220 strike price. $550K premium paid.
500,rushishah1220,2020-06-23 18:51:00,I used our Ratios/Spreads/Correlations tool on @ycharts to be able to show how strong the trillion dollar companies… https://t.co/3CHCd3iwHp
